month,service,PULocationID,borough,zone,n_nn,n_yn,n_yy,n_ny,missing_other,valid_status_denominator,pooling_requests,reported_matches,pooling_request_rate,reported_matched_rate,matching_success,pooling_request_rate_status,reported_matched_rate_status,matching_success_status
2026-04,Uber,1,EWR,Newark Airport,2,0,0,0,0,2,0,0,0.0,0.0,,insufficient sample,insufficient sample,undefined
2026-04,Uber,2,Queens,Jamaica Bay,32,0,1,0,0,33,1,1,0.030303030303030304,0.030303030303030304,1.0,insufficient sample,insufficient sample,insufficient sample
2026-04,Uber,3,Bronx,Allerton/Pelham Gardens,35166,382,338,0,0,35886,720,338,0.020063534525998995,0.00941871481914953,0.46944444444444444,reported,reported,reported
2026-04,Uber,4,Manhattan,Alphabet City,37856,836,1358,0,0,40050,2194,1358,0.05478152309612984,0.03390761548064919,0.6189608021877848,reported,reported,reported
2026-04,Uber,5,Staten Island,Arden Heights,4902,3,0,0,0,4905,3,0,0.0006116207951070336,0.0,0.0,reported,reported,insufficient sample
2026-04,Uber,6,Staten Island,Arrochar/Fort Wadsworth,8865,86,35,0,0,8986,121,35,0.01346539060761184,0.003894947696416648,0.2892561983471074,reported,reported,reported
2026-04,Uber,7,Queens,Astoria,141097,1414,2003,0,0,144514,3417,2003,0.02364476798095686,0.013860248834023002,0.5861867134913668,reported,reported,reported
2026-04,Uber,8,Queens,Astoria Park,622,8,5,0,0,635,13,5,0.02047244094488189,0.007874015748031496,0.38461538461538464,reported,reported,insufficient sample
2026-04,Uber,9,Queens,Auburndale,13995,207,72,0,0,14274,279,72,0.019546027742749054,0.005044136191677175,0.25806451612903225,reported,reported,reported
2026-04,Uber,10,Queens,Baisley Park,48354,963,909,0,0,50226,1872,909,0.03727153267232111,0.018098196153386693,0.4855769230769231,reported,reported,reported
2026-04,Uber,11,Brooklyn,Bath Beach,18760,299,198,0,0,19257,497,198,0.025808796801163214,0.010281975385574077,0.3983903420523139,reported,reported,reported
2026-04,Uber,12,Manhattan,Battery Park,1705,11,8,0,0,1724,19,8,0.011020881670533642,0.004640371229698376,0.42105263157894735,reported,reported,insufficient sample
2026-04,Uber,13,Manhattan,Battery Park City,67062,254,225,0,0,67541,479,225,0.007091988569905687,0.0033313098710412935,0.4697286012526096,reported,reported,reported
2026-04,Uber,14,Brooklyn,Bay Ridge,84547,992,787,0,0,86326,1779,787,0.020607928086555614,0.009116604499223873,0.4423833614390107,reported,reported,reported
2026-04,Uber,15,Queens,Bay Terrace/Fort Totten,11828,191,64,0,0,12083,255,64,0.02110403045601258,0.005296697839940412,0.25098039215686274,reported,reported,reported
2026-04,Uber,16,Queens,Bayside,32258,447,165,0,0,32870,612,165,0.018618801338606633,0.005019774870702769,0.2696078431372549,reported,reported,reported
2026-04,Uber,17,Brooklyn,Bedford,112383,1000,3022,0,0,116405,4022,3022,0.03455178042180319,0.025961084145870023,0.7513674788662357,reported,reported,reported
2026-04,Uber,18,Bronx,Bedford Park,75916,540,772,0,0,77228,1312,772,0.016988656963795513,0.009996374371989435,0.5884146341463414,reported,reported,reported
2026-04,Uber,19,Queens,Bellerose,14508,213,105,0,0,14826,318,105,0.021448806151355727,0.007082152974504249,0.330188679245283,reported,reported,reported
2026-04,Uber,20,Bronx,Belmont,48656,360,398,0,0,49414,758,398,0.015339782247945926,0.008054397539158943,0.525065963060686,reported,reported,reported
2026-04,Uber,21,Brooklyn,Bensonhurst East,42540,558,379,0,0,43477,937,379,0.021551624997124916,0.00871725280033121,0.4044823906083244,reported,reported,reported
2026-04,Uber,22,Brooklyn,Bensonhurst West,56454,771,574,0,0,57799,1345,574,0.023270298794096783,0.009930967663800411,0.4267657992565056,reported,reported,reported
2026-04,Uber,23,Staten Island,Bloomfield/Emerson Hill,25076,232,60,0,0,25368,292,60,0.01151056449069694,0.0023651844843897824,0.2054794520547945,reported,reported,reported
2026-04,Uber,24,Manhattan,Bloomingdale,20857,201,430,0,0,21488,631,430,0.029365227103499626,0.020011169024571854,0.6814580031695721,reported,reported,reported
2026-04,Uber,25,Brooklyn,Boerum Hill,79480,596,1379,0,0,81455,1975,1379,0.02424651648149285,0.016929593026824626,0.6982278481012658,reported,reported,reported
2026-04,Uber,26,Brooklyn,Borough Park,69646,719,743,0,0,71108,1462,743,0.0205602745120099,0.010448894639140463,0.5082079343365253,reported,reported,reported
2026-04,Uber,27,Queens,Breezy Point/Fort Tilden/Riis Beach,678,4,4,0,0,686,8,4,0.011661807580174927,0.0058309037900874635,0.5,reported,reported,insufficient sample
2026-04,Uber,28,Queens,Briarwood/Jamaica Hills,38772,487,522,0,0,39781,1009,522,0.02536386717277092,0.013121842085417662,0.5173439048562933,reported,reported,reported
2026-04,Uber,29,Brooklyn,Brighton Beach,33458,436,369,0,0,34263,805,369,0.023494731926568018,0.010769634883110061,0.4583850931677019,reported,reported,reported
2026-04,Uber,30,Queens,Broad Channel,952,24,6,0,0,982,30,6,0.03054989816700611,0.006109979633401222,0.2,reported,reported,insufficient sample
2026-04,Uber,31,Bronx,Bronx Park,7863,39,72,0,0,7974,111,72,0.013920240782543265,0.009029345372460496,0.6486486486486487,reported,reported,reported
2026-04,Uber,32,Bronx,Bronxdale,38377,339,418,0,0,39134,757,418,0.019343793121071193,0.010681249041753974,0.5521796565389696,reported,reported,reported
2026-04,Uber,33,Brooklyn,Brooklyn Heights,68849,415,674,0,0,69938,1089,674,0.015570934256055362,0.009637107152048957,0.6189164370982553,reported,reported,reported
2026-04,Uber,34,Brooklyn,Brooklyn Navy Yard,11593,118,274,0,0,11985,392,274,0.0327075511055486,0.022861910721735504,0.6989795918367347,reported,reported,reported
2026-04,Uber,35,Brooklyn,Brownsville,93538,1465,3918,0,0,98921,5383,3918,0.054417161169013656,0.03960736345164323,0.7278469255062233,reported,reported,reported
2026-04,Uber,36,Brooklyn,Bushwick North,114723,1227,4039,0,0,119989,5266,4039,0.04388735634099793,0.03366141896340498,0.7669958222559817,reported,reported,reported
2026-04,Uber,37,Brooklyn,Bushwick South,155660,1807,5856,0,0,163323,7663,5856,0.046919294894166776,0.03585532962289451,0.7641915698812476,reported,reported,reported
2026-04,Uber,38,Queens,Cambria Heights,17798,445,318,0,0,18561,763,318,0.04110769893863477,0.017132697591724585,0.4167758846657929,reported,reported,reported
2026-04,Uber,39,Brooklyn,Canarsie,113027,2396,5037,0,0,120460,7433,5037,0.061705130333720735,0.04181471027727046,0.6776537064442352,reported,reported,reported
2026-04,Uber,40,Brooklyn,Carroll Gardens,33675,173,389,0,0,34237,562,389,0.016414989631100857,0.011361976808715717,0.6921708185053381,reported,reported,reported
2026-04,Uber,41,Manhattan,Central Harlem,91237,868,1431,0,0,93536,2299,1431,0.024578771809784468,0.01529892234006158,0.6224445411048282,reported,reported,reported
2026-04,Uber,42,Manhattan,Central Harlem North,125534,1213,2152,0,0,128899,3365,2152,0.02610571067269723,0.016695242011187054,0.6395245170876671,reported,reported,reported
2026-04,Uber,43,Manhattan,Central Park,23881,127,229,0,0,24237,356,229,0.014688286504105294,0.009448364071460989,0.6432584269662921,reported,reported,reported
2026-04,Uber,44,Staten Island,Charleston/Tottenville,7674,12,0,0,0,7686,12,0,0.00156128024980484,0.0,0.0,reported,reported,insufficient sample
2026-04,Uber,45,Manhattan,Chinatown,35106,473,835,0,0,36414,1308,835,0.03592025045312242,0.022930740923820508,0.6383792048929664,reported,reported,reported
2026-04,Uber,46,Bronx,City Island,3558,43,17,0,0,3618,60,17,0.01658374792703151,0.0046987285793255945,0.2833333333333333,reported,reported,insufficient sample
2026-04,Uber,47,Bronx,Claremont/Bathgate,52823,456,534,0,0,53813,990,534,0.018397041607046624,0.009923252745619088,0.5393939393939394,reported,reported,reported
2026-04,Uber,48,Manhattan,Clinton East,124630,1244,2461,0,0,128335,3705,2461,0.028869754938247554,0.019176374332800873,0.6642375168690958,reported,reported,reported
2026-04,Uber,49,Brooklyn,Clinton Hill,85881,778,1886,0,0,88545,2664,1886,0.030086396747416567,0.021299904003613982,0.7079579579579579,reported,reported,reported
2026-04,Uber,50,Manhattan,Clinton West,71795,895,1257,0,0,73947,2152,1257,0.029101924351224526,0.01699866120329425,0.5841078066914498,reported,reported,reported
2026-04,Uber,51,Bronx,Co-Op City,62968,823,680,0,0,64471,1503,680,0.023312807308712446,0.010547377890834639,0.4524284763805722,reported,reported,reported
2026-04,Uber,52,Brooklyn,Cobble Hill,22516,143,182,0,0,22841,325,182,0.014228799089356859,0.00796812749003984,0.56,reported,reported,reported
2026-04,Uber,53,Queens,College Point,24986,519,267,0,0,25772,786,267,0.030498215117181437,0.010360080707744839,0.33969465648854963,reported,reported,reported
2026-04,Uber,54,Brooklyn,Columbia Street,8033,90,93,0,0,8216,183,93,0.02227361246348588,0.01131937682570594,0.5081967213114754,reported,reported,reported
2026-04,Uber,55,Brooklyn,Coney Island,44922,819,676,0,0,46417,1495,676,0.032208027231402286,0.014563629704634078,0.45217391304347826,reported,reported,reported
2026-04,Uber,56,Queens,Corona,50245,753,758,0,0,51756,1511,758,0.029194682742097536,0.01464564494937785,0.5016545334215751,reported,reported,reported
2026-04,Uber,57,Queens,Corona,4037,73,67,0,0,4177,140,67,0.03351687814220733,0.016040220253770648,0.4785714285714286,reported,reported,reported
2026-04,Uber,58,Bronx,Country Club,5791,74,55,0,0,5920,129,55,0.02179054054054054,0.009290540540540541,0.4263565891472868,reported,reported,reported
2026-04,Uber,59,Bronx,Crotona Park,1698,10,13,0,0,1721,23,13,0.01336432306798373,0.007553747821034283,0.5652173913043478,reported,reported,insufficient sample
2026-04,Uber,60,Bronx,Crotona Park East,35947,338,354,0,0,36639,692,354,0.01888697835639619,0.00966183574879227,0.5115606936416185,reported,reported,reported
2026-04,Uber,61,Brooklyn,Crown Heights North,185335,2331,6710,0,0,194376,9041,6710,0.046512943984854095,0.03452072272296992,0.7421745382147993,reported,reported,reported
2026-04,Uber,62,Brooklyn,Crown Heights South,50304,600,1730,0,0,52634,2330,1730,0.04426796367367101,0.03286848804954972,0.7424892703862661,reported,reported,reported
2026-04,Uber,63,Brooklyn,Cypress Hills,49668,827,1406,0,0,51901,2233,1406,0.0430242191865282,0.027090036800832353,0.6296462158531124,reported,reported,reported
2026-04,Uber,64,Queens,Douglaston,10921,196,65,0,0,11182,261,65,0.02334108388481488,0.005812913611160794,0.24904214559386972,reported,reported,reported
2026-04,Uber,65,Brooklyn,Downtown Brooklyn/MetroTech,68029,683,1377,0,0,70089,2060,1377,0.029391202613819573,0.0196464495141891,0.6684466019417475,reported,reported,reported
2026-04,Uber,66,Brooklyn,DUMBO/Vinegar Hill,54919,335,658,0,0,55912,993,658,0.017760051509514953,0.011768493346687652,0.6626384692849949,reported,reported,reported
2026-04,Uber,67,Brooklyn,Dyker Heights,29675,389,282,0,0,30346,671,282,0.022111645686416662,0.009292822777301786,0.4202682563338301,reported,reported,reported
2026-04,Uber,68,Manhattan,East Chelsea,151250,1038,1779,0,0,154067,2817,1779,0.018284252954883264,0.0115469243900381,0.6315228966986155,reported,reported,reported
2026-04,Uber,69,Bronx,East Concourse/Concourse Village,79719,699,924,0,0,81342,1623,924,0.01995279191561555,0.011359445305008483,0.5693160813308688,reported,reported,reported
2026-04,Uber,70,Queens,East Elmhurst,34087,558,413,0,0,35058,971,413,0.027696959324547892,0.011780478064920987,0.4253347064881565,reported,reported,reported
2026-04,Uber,71,Brooklyn,East Flatbush/Farragut,64723,1035,2972,0,0,68730,4007,2972,0.058300596537174454,0.04324167030408846,0.7417020214624407,reported,reported,reported
2026-04,Uber,72,Brooklyn,East Flatbush/Remsen Village,76056,1328,3792,0,0,81176,5120,3792,0.06307282940770671,0.04671331428008278,0.740625,reported,reported,reported
2026-04,Uber,73,Queens,East Flushing,16693,325,134,0,0,17152,459,134,0.0267607276119403,0.0078125,0.29193899782135074,reported,reported,reported
2026-04,Uber,74,Manhattan,East Harlem North,96385,1144,1843,0,0,99372,2987,1843,0.03005876906975808,0.01854647184317514,0.6170070304653499,reported,reported,reported
2026-04,Uber,75,Manhattan,East Harlem South,92666,1276,2014,0,0,95956,3290,2014,0.0342865480011672,0.02098878652715828,0.6121580547112462,reported,reported,reported
2026-04,Uber,76,Brooklyn,East New York,171610,2881,5631,0,0,180122,8512,5631,0.04725685923984855,0.03126214454647406,0.6615366541353384,reported,reported,reported
2026-04,Uber,77,Brooklyn,East New York/Pennsylvania Avenue,43509,624,1679,0,0,45812,2303,1679,0.05027067143979743,0.03664978608224919,0.7290490664350847,reported,reported,reported
2026-04,Uber,78,Bronx,East Tremont,70430,746,858,0,0,72034,1604,858,0.02226726268151151,0.011911042007940695,0.5349127182044888,reported,reported,reported
2026-04,Uber,79,Manhattan,East Village,173045,1420,3982,0,0,178447,5402,3982,0.030272293734274043,0.022314748917045397,0.7371343946686413,reported,reported,reported
2026-04,Uber,80,Brooklyn,East Williamsburg,104204,881,2780,0,0,107865,3661,2780,0.033940573865479995,0.02577295693691188,0.7593553673859601,reported,reported,reported
2026-04,Uber,81,Bronx,Eastchester,45844,630,596,0,0,47070,1226,596,0.0260463140004249,0.01266199277671553,0.48613376835236544,reported,reported,reported
2026-04,Uber,82,Queens,Elmhurst,115792,1395,1510,0,0,118697,2905,1510,0.024474081063548363,0.012721467265390026,0.5197934595524957,reported,reported,reported
2026-04,Uber,83,Queens,Elmhurst/Maspeth,37801,438,496,0,0,38735,934,496,0.024112559700529237,0.012804956757454498,0.5310492505353319,reported,reported,reported
2026-04,Uber,84,Staten Island,Eltingville/Annadale/Prince's Bay,7818,1,0,0,0,7819,1,0,0.0001278935925310142,0.0,0.0,reported,reported,insufficient sample
2026-04,Uber,85,Brooklyn,Erasmus,48787,759,2466,0,0,52012,3225,2466,0.062004921941090516,0.04741213566100131,0.7646511627906977,reported,reported,reported
2026-04,Uber,86,Queens,Far Rockaway,33819,643,336,0,0,34798,979,336,0.028133800793149033,0.009655727340651761,0.3432073544433095,reported,reported,reported
2026-04,Uber,87,Manhattan,Financial District North,88344,650,869,0,0,89863,1519,869,0.016903508674315348,0.00967027586437132,0.5720868992758393,reported,reported,reported
2026-04,Uber,88,Manhattan,Financial District South,41168,280,358,0,0,41806,638,358,0.015260967325264316,0.008563364110414773,0.5611285266457681,reported,reported,reported
2026-04,Uber,89,Brooklyn,Flatbush/Ditmas Park,116931,1568,4203,0,0,122702,5771,4203,0.04703264820459324,0.03425372039575557,0.7282966556922543,reported,reported,reported
2026-04,Uber,90,Manhattan,Flatiron,96021,524,1152,0,0,97697,1676,1152,0.01715508152758017,0.0117915596180026,0.6873508353221957,reported,reported,reported
2026-04,Uber,91,Brooklyn,Flatlands,72784,1301,2998,0,0,77083,4299,2998,0.05577105198292749,0.03889314115952934,0.6973714817399396,reported,reported,reported
2026-04,Uber,92,Queens,Flushing,85727,1107,648,0,0,87482,1755,648,0.020061269746919366,0.007407238060400997,0.36923076923076925,reported,reported,reported
2026-04,Uber,93,Queens,Flushing Meadows-Corona Park,9871,39,38,0,0,9948,77,38,0.007740249296340973,0.0038198632891033374,0.4935064935064935,reported,reported,insufficient sample
2026-04,Uber,94,Bronx,Fordham South,35236,286,364,0,0,35886,650,364,0.018112913113749095,0.010143231343699493,0.56,reported,reported,reported
2026-04,Uber,95,Queens,Forest Hills,105591,1194,1038,0,0,107823,2232,1038,0.020700592637934393,0.009626888511727553,0.4650537634408602,reported,reported,reported
2026-04,Uber,96,Queens,Forest Park/Highland Park,2386,40,34,0,0,2460,74,34,0.03008130081300813,0.013821138211382113,0.4594594594594595,reported,reported,insufficient sample
2026-04,Uber,97,Brooklyn,Fort Greene,96267,972,1963,0,0,99202,2935,1963,0.02958609705449487,0.019787907501864883,0.668824531516184,reported,reported,reported
2026-04,Uber,98,Queens,Fresh Meadows,14803,268,113,0,0,15184,381,113,0.025092202318229714,0.0074420442571127505,0.29658792650918636,reported,reported,reported
2026-04,Uber,99,Staten Island,Freshkills Park,600,0,1,0,0,601,1,1,0.0016638935108153079,0.0016638935108153079,1.0,reported,reported,insufficient sample
2026-04,Uber,100,Manhattan,Garment District,79433,587,1182,0,0,81202,1769,1182,0.021785177704982638,0.014556291716952784,0.6681741096664783,reported,reported,reported
2026-04,Uber,101,Queens,Glen Oaks,15852,273,109,0,0,16234,382,109,0.02353086115559936,0.006714303314032278,0.28534031413612565,reported,reported,reported
2026-04,Uber,102,Queens,Glendale,38805,455,606,0,0,39866,1061,606,0.02661415742738173,0.015200923092359405,0.5711592836946278,reported,reported,reported
2026-04,Uber,103,Manhattan,Governor's Island/Ellis Island/Liberty Island,0,0,0,0,0,0,0,0,,,,undefined,undefined,undefined
2026-04,Uber,104,Manhattan,Governor's Island/Ellis Island/Liberty Island,0,0,0,0,0,0,0,0,,,,undefined,undefined,undefined
2026-04,Uber,105,Manhattan,Governor's Island/Ellis Island/Liberty Island,1,0,0,0,0,1,0,0,0.0,0.0,,insufficient sample,insufficient sample,undefined
2026-04,Uber,106,Brooklyn,Gowanus,31941,244,641,0,0,32826,885,641,0.026960336318771705,0.01952720404557363,0.7242937853107345,reported,reported,reported
2026-04,Uber,107,Manhattan,Gramercy,105296,630,1392,0,0,107318,2022,1392,0.018841200916901172,0.012970797070388937,0.6884272997032641,reported,reported,reported
2026-04,Uber,108,Brooklyn,Gravesend,23658,368,337,0,0,24363,705,337,0.028937322989779583,0.013832450847596765,0.47801418439716314,reported,reported,reported
2026-04,Uber,109,Staten Island,Great Kills,11632,29,7,0,0,11668,36,7,0.0030853616729516627,0.0005999314364072677,0.19444444444444445,reported,reported,insufficient sample
2026-04,Uber,110,Staten Island,Great Kills Park,35,0,0,0,0,35,0,0,0.0,0.0,,insufficient sample,insufficient sample,undefined
2026-04,Uber,111,Brooklyn,Green-Wood Cemetery,577,3,7,0,0,587,10,7,0.017035775127768313,0.01192504258943782,0.7,reported,reported,insufficient sample
2026-04,Uber,112,Brooklyn,Greenpoint,141206,1240,2410,0,0,144856,3650,2410,0.02519743745512785,0.016637212127906333,0.6602739726027397,reported,reported,reported
2026-04,Uber,113,Manhattan,Greenwich Village North,90176,497,1066,0,0,91739,1563,1066,0.0170374649821777,0.011619921734485878,0.6820217530390275,reported,reported,reported
2026-04,Uber,114,Manhattan,Greenwich Village South,89608,515,1474,0,0,91597,1989,1474,0.02171468497876568,0.016092230094872102,0.7410759175465058,reported,reported,reported
2026-04,Uber,115,Staten Island,Grymes Hill/Clifton,12921,167,64,0,0,13152,231,64,0.017563868613138685,0.004866180048661801,0.27705627705627706,reported,reported,reported
2026-04,Uber,116,Manhattan,Hamilton Heights,65109,596,1042,0,0,66747,1638,1042,0.024540428783316103,0.015611188517836008,0.6361416361416361,reported,reported,reported
2026-04,Uber,117,Queens,Hammels/Arverne,26292,653,301,0,0,27246,954,301,0.03501431402774719,0.011047493210012478,0.31551362683438156,reported,reported,reported
2026-04,Uber,118,Staten Island,Heartland Village/Todt Hill,16091,99,25,0,0,16215,124,25,0.007647240209682393,0.001541782300339192,0.20161290322580644,reported,reported,reported
2026-04,Uber,119,Bronx,Highbridge,52375,570,644,0,0,53589,1214,644,0.022653902853197485,0.01201739162887906,0.5304777594728172,reported,reported,reported
2026-04,Uber,120,Manhattan,Highbridge Park,1531,8,16,0,0,1555,24,16,0.015434083601286173,0.010289389067524116,0.6666666666666666,reported,reported,insufficient sample
2026-04,Uber,121,Queens,Hillcrest/Pomonok,36106,464,377,0,0,36947,841,377,0.022762335236961053,0.010203805451051507,0.4482758620689655,reported,reported,reported
2026-04,Uber,122,Queens,Hollis,19685,428,341,0,0,20454,769,341,0.03759655813043904,0.0166715556859294,0.4434330299089727,reported,reported,reported
2026-04,Uber,123,Brooklyn,Homecrest,45769,422,386,0,0,46577,808,386,0.01734761792300921,0.008287352126586083,0.4777227722772277,reported,reported,reported
2026-04,Uber,124,Queens,Howard Beach,24452,628,424,0,0,25504,1052,424,0.041248431618569635,0.016624843161856962,0.40304182509505704,reported,reported,reported
2026-04,Uber,125,Manhattan,Hudson Sq,54908,292,451,0,0,55651,743,451,0.013351062873982498,0.00810407719537834,0.6069986541049798,reported,reported,reported
2026-04,Uber,126,Bronx,Hunts Point,47826,569,510,0,0,48905,1079,510,0.02206318372354565,0.010428381556078111,0.4726598702502317,reported,reported,reported
2026-04,Uber,127,Manhattan,Inwood,58707,531,639,0,0,59877,1170,639,0.019540057117090035,0.010671877348564557,0.5461538461538461,reported,reported,reported
2026-04,Uber,128,Manhattan,Inwood Hill Park,4293,60,58,0,0,4411,118,58,0.02675130355928361,0.013148945817274995,0.4915254237288136,reported,reported,reported
2026-04,Uber,129,Queens,Jackson Heights,118925,1491,1576,0,0,121992,3067,1576,0.025140992851990295,0.012918879926552562,0.5138571894359308,reported,reported,reported
2026-04,Uber,130,Queens,Jamaica,118507,1979,2235,0,0,122721,4214,2235,0.034338051352254303,0.018212041948810716,0.530374940673944,reported,reported,reported
2026-04,Uber,131,Queens,Jamaica Estates,24672,325,275,0,0,25272,600,275,0.023741690408357077,0.010881608103830325,0.4583333333333333,reported,reported,reported
2026-04,Uber,132,Queens,JFK Airport,242880,6150,6752,0,0,255782,12902,6752,0.050441391497447044,0.026397479103298902,0.5233297163230507,reported,reported,reported
2026-04,Uber,133,Brooklyn,Kensington,26481,320,457,0,0,27258,777,457,0.028505392912172575,0.016765720155550664,0.5881595881595881,reported,reported,reported
2026-04,Uber,134,Queens,Kew Gardens,35811,351,368,0,0,36530,719,368,0.01968245277853819,0.010073911853271283,0.5118219749652295,reported,reported,reported
2026-04,Uber,135,Queens,Kew Gardens Hills,26747,338,267,0,0,27352,605,267,0.022119040655162327,0.009761626206493127,0.4413223140495868,reported,reported,reported
2026-04,Uber,136,Bronx,Kingsbridge Heights,41257,327,453,0,0,42037,780,453,0.0185550824273854,0.01077622094821229,0.5807692307692308,reported,reported,reported
2026-04,Uber,137,Manhattan,Kips Bay,74609,1087,1799,0,0,77495,2886,1799,0.03724111232982773,0.0232144009290922,0.6233541233541233,reported,reported,reported
2026-04,Uber,138,Queens,LaGuardia Airport,295812,3833,9509,0,0,309154,13342,9509,0.04315648511744956,0.03075813348687062,0.712711737370709,reported,reported,reported
2026-04,Uber,139,Queens,Laurelton,30423,704,549,0,0,31676,1253,549,0.0395567622174517,0.01733173380477333,0.4381484437350359,reported,reported,reported
2026-04,Uber,140,Manhattan,Lenox Hill East,78456,1318,2058,0,0,81832,3376,2058,0.0412552546681005,0.025149085932153682,0.6095971563981043,reported,reported,reported
2026-04,Uber,141,Manhattan,Lenox Hill West,94022,867,1329,0,0,96218,2196,1329,0.02282317237938847,0.01381238437714357,0.605191256830601,reported,reported,reported
2026-04,Uber,142,Manhattan,Lincoln Square East,98594,784,1381,0,0,100759,2165,1381,0.021486914320308855,0.01370597167498685,0.6378752886836028,reported,reported,reported
2026-04,Uber,143,Manhattan,Lincoln Square West,68948,857,931,0,0,70736,1788,931,0.025277086631983713,0.013161615019226419,0.5206935123042505,reported,reported,reported
2026-04,Uber,144,Manhattan,Little Italy/NoLiTa,102234,567,1290,0,0,104091,1857,1290,0.01784015909156411,0.012393002276853906,0.6946688206785138,reported,reported,reported
2026-04,Uber,145,Queens,Long Island City/Hunters Point,132348,1251,2174,0,0,135773,3425,2174,0.02522592857195466,0.016012020062899104,0.6347445255474452,reported,reported,reported
2026-04,Uber,146,Queens,Long Island City/Queens Plaza,37063,326,578,0,0,37967,904,578,0.023810150920536254,0.015223746938130481,0.6393805309734514,reported,reported,reported
2026-04,Uber,147,Bronx,Longwood,32299,289,406,0,0,32994,695,406,0.02106443595805298,0.01230526762441656,0.5841726618705037,reported,reported,reported
2026-04,Uber,148,Manhattan,Lower East Side,142148,1248,3696,0,0,147092,4944,3696,0.03361161721915536,0.025127131319174396,0.7475728155339806,reported,reported,reported
2026-04,Uber,149,Brooklyn,Madison,38804,421,470,0,0,39695,891,470,0.022446151908300793,0.011840282151404459,0.5274971941638609,reported,reported,reported
2026-04,Uber,150,Brooklyn,Manhattan Beach,16287,168,197,0,0,16652,365,197,0.02191928897429738,0.011830410761470093,0.5397260273972603,reported,reported,reported
2026-04,Uber,151,Manhattan,Manhattan Valley,41139,522,862,0,0,42523,1384,862,0.03254709216188886,0.020271382545916327,0.6228323699421965,reported,reported,reported
2026-04,Uber,152,Manhattan,Manhattanville,33152,301,510,0,0,33963,811,510,0.023878927067691312,0.015016341312604894,0.6288532675709001,reported,reported,reported
2026-04,Uber,153,Manhattan,Marble Hill,15232,138,112,0,0,15482,250,112,0.016147784523963312,0.007234207466735564,0.448,reported,reported,reported
2026-04,Uber,154,Brooklyn,Marine Park/Floyd Bennett Field,1250,18,19,0,0,1287,37,19,0.028749028749028748,0.014763014763014764,0.5135135135135135,reported,reported,insufficient sample
2026-04,Uber,155,Brooklyn,Marine Park/Mill Basin,41382,635,1000,0,0,43017,1635,1000,0.03800822930469349,0.023246623427947092,0.6116207951070336,reported,reported,reported
2026-04,Uber,156,Staten Island,Mariners Harbor,22545,157,36,0,0,22738,193,36,0.008487993666989182,0.0015832527047233706,0.18652849740932642,reported,reported,reported
2026-04,Uber,157,Queens,Maspeth,45831,611,935,0,0,47377,1546,935,0.0326318677839458,0.019735314604132807,0.6047865459249676,reported,reported,reported
2026-04,Uber,158,Manhattan,Meatpacking/West Village West,85323,373,604,0,0,86300,977,604,0.011320973348783315,0.006998841251448435,0.6182190378710338,reported,reported,reported
2026-04,Uber,159,Bronx,Melrose South,72468,674,889,0,0,74031,1563,889,0.021112777079871945,0.012008482932825438,0.5687779910428663,reported,reported,reported
2026-04,Uber,160,Queens,Middle Village,34171,451,431,0,0,35053,882,431,0.025161897697771947,0.012295666562063162,0.4886621315192744,reported,reported,reported
2026-04,Uber,161,Manhattan,Midtown Center,194260,630,1014,0,0,195904,1644,1014,0.008391865403462921,0.0051760045736687355,0.6167883211678832,reported,reported,reported
2026-04,Uber,162,Manhattan,Midtown East,127193,621,969,0,0,128783,1590,969,0.01234635006173175,0.007524285037621425,0.6094339622641509,reported,reported,reported
2026-04,Uber,163,Manhattan,Midtown North,126850,427,849,0,0,128126,1276,849,0.009958946661879712,0.00662628974603125,0.6653605015673981,reported,reported,reported
2026-04,Uber,164,Manhattan,Midtown South,145039,816,1697,0,0,147552,2513,1697,0.017031283886358706,0.011501030145304706,0.6752884998010347,reported,reported,reported
2026-04,Uber,165,Brooklyn,Midwood,44877,498,707,0,0,46082,1205,707,0.026149038670196606,0.015342216049650623,0.5867219917012448,reported,reported,reported
2026-04,Uber,166,Manhattan,Morningside Heights,70263,634,1181,0,0,72078,1815,1181,0.025181053858320153,0.016385027331501986,0.6506887052341598,reported,reported,reported
2026-04,Uber,167,Bronx,Morrisania/Melrose,58293,526,751,0,0,59570,1277,751,0.021436964915225783,0.012607016954843042,0.5880971025841817,reported,reported,reported
2026-04,Uber,168,Bronx,Mott Haven/Port Morris,100556,964,1466,0,0,102986,2430,1466,0.023595440156914532,0.01423494455557066,0.6032921810699589,reported,reported,reported
2026-04,Uber,169,Bronx,Mount Hope,77021,671,766,0,0,78458,1437,766,0.018315531876927783,0.00976318539855719,0.5330549756437022,reported,reported,reported
2026-04,Uber,170,Manhattan,Murray Hill,130655,855,1336,0,0,132846,2191,1336,0.016492781114975236,0.010056757448474174,0.6097672295755363,reported,reported,reported
2026-04,Uber,171,Queens,Murray Hill-Queens,32864,495,252,0,0,33611,747,252,0.022224866859063996,0.0074975454464312275,0.3373493975903614,reported,reported,reported
2026-04,Uber,172,Staten Island,New Dorp/Midland Beach,10566,91,23,0,0,10680,114,23,0.010674157303370787,0.002153558052434457,0.20175438596491227,reported,reported,reported
2026-04,Uber,173,Queens,North Corona,42309,686,506,0,0,43501,1192,506,0.0274016689271511,0.011631916507666491,0.42449664429530204,reported,reported,reported
2026-04,Uber,174,Bronx,Norwood,68101,603,658,0,0,69362,1261,658,0.01817998327614544,0.009486462328075892,0.5218080888183981,reported,reported,reported
2026-04,Uber,175,Queens,Oakland Gardens,12408,245,90,0,0,12743,335,90,0.02628894294907008,0.0070627010907949464,0.26865671641791045,reported,reported,reported
2026-04,Uber,176,Staten Island,Oakwood,5608,36,5,0,0,5649,41,5,0.00725792175606302,0.0008851124092759781,0.12195121951219512,reported,reported,insufficient sample
2026-04,Uber,177,Brooklyn,Ocean Hill,63184,985,2903,0,0,67072,3888,2903,0.0579675572519084,0.0432818463740458,0.746656378600823,reported,reported,reported
2026-04,Uber,178,Brooklyn,Ocean Parkway South,14481,124,140,0,0,14745,264,140,0.01790437436419125,0.009494743981010512,0.5303030303030303,reported,reported,reported
2026-04,Uber,179,Queens,Old Astoria,51344,601,695,0,0,52640,1296,695,0.024620060790273558,0.01320288753799392,0.5362654320987654,reported,reported,reported
2026-04,Uber,180,Queens,Ozone Park,27421,549,502,0,0,28472,1051,502,0.03691345883675189,0.0176313571227873,0.4776403425309229,reported,reported,reported
2026-04,Uber,181,Brooklyn,Park Slope,124997,830,2076,0,0,127903,2906,2076,0.02272034275974762,0.016231050092648334,0.7143840330350998,reported,reported,reported
2026-04,Uber,182,Bronx,Parkchester,42043,562,556,0,0,43161,1118,556,0.025903014295312898,0.01288199995366187,0.49731663685152055,reported,reported,reported
2026-04,Uber,183,Bronx,Pelham Bay,21579,245,191,0,0,22015,436,191,0.01980467862820804,0.008675902793549852,0.4380733944954128,reported,reported,reported
2026-04,Uber,184,Bronx,Pelham Bay Park,3707,67,18,0,0,3792,85,18,0.022415611814345992,0.004746835443037975,0.21176470588235294,reported,reported,insufficient sample
2026-04,Uber,185,Bronx,Pelham Parkway,49325,511,507,0,0,50343,1018,507,0.020221282005442664,0.010070913533162505,0.49803536345776034,reported,reported,reported
2026-04,Uber,186,Manhattan,Penn Station/Madison Sq West,84248,611,1246,0,0,86105,1857,1246,0.021566691829742756,0.014470704372568376,0.6709746903607969,reported,reported,reported
2026-04,Uber,187,Staten Island,Port Richmond,12085,73,25,0,0,12183,98,25,0.008043995731757366,0.0020520397274891244,0.25510204081632654,reported,reported,insufficient sample
2026-04,Uber,188,Brooklyn,Prospect-Lefferts Gardens,110207,1406,4468,0,0,116081,5874,4468,0.05060259646281476,0.03849036448686693,0.7606401089547157,reported,reported,reported
2026-04,Uber,189,Brooklyn,Prospect Heights,50968,381,1068,0,0,52417,1449,1068,0.027643703378674857,0.020375069156952898,0.7370600414078675,reported,reported,reported
2026-04,Uber,190,Brooklyn,Prospect Park,9795,55,171,0,0,10021,226,171,0.022552639457140006,0.017064165252968767,0.7566371681415929,reported,reported,reported
2026-04,Uber,191,Queens,Queens Village,45591,929,525,0,0,47045,1454,525,0.03090657880752471,0.01115952811138272,0.3610729023383769,reported,reported,reported
2026-04,Uber,192,Queens,Queensboro Hill,20636,314,170,0,0,21120,484,170,0.022916666666666665,0.008049242424242424,0.3512396694214876,reported,reported,reported
2026-04,Uber,193,Queens,Queensbridge/Ravenswood,25039,343,484,0,0,25866,827,484,0.03197247351735869,0.01871182246965128,0.585247883917775,reported,reported,reported
2026-04,Uber,194,Manhattan,Randalls Island,3183,34,30,0,0,3247,64,30,0.01971050200184786,0.009239297813366184,0.46875,reported,reported,insufficient sample
2026-04,Uber,195,Brooklyn,Red Hook,29644,424,631,0,0,30699,1055,631,0.03436594025864035,0.020554415453272093,0.5981042654028436,reported,reported,reported
2026-04,Uber,196,Queens,Rego Park,40448,462,393,0,0,41303,855,393,0.0207006754957267,0.009515047333123501,0.45964912280701753,reported,reported,reported
2026-04,Uber,197,Queens,Richmond Hill,68608,926,786,0,0,70320,1712,786,0.02434584755403868,0.011177474402730375,0.4591121495327103,reported,reported,reported
2026-04,Uber,198,Queens,Ridgewood,95336,1184,2338,0,0,98858,3522,2338,0.03562685872665844,0.023650083958809607,0.6638273708120386,reported,reported,reported
2026-04,Uber,199,Bronx,Rikers Island,0,0,0,0,0,0,0,0,,,,undefined,undefined,undefined
2026-04,Uber,200,Bronx,Riverdale/North Riverdale/Fieldston,33976,417,354,0,0,34747,771,354,0.0221889659538953,0.010187929893228193,0.4591439688715953,reported,reported,reported
2026-04,Uber,201,Queens,Rockaway Park,9968,185,61,0,0,10214,246,61,0.02408458977873507,0.005972195026434306,0.24796747967479674,reported,reported,reported
2026-04,Uber,202,Manhattan,Roosevelt Island,9332,208,147,0,0,9687,355,147,0.036647052751109736,0.015174976772994736,0.4140845070422535,reported,reported,reported
2026-04,Uber,203,Queens,Rosedale,29567,769,501,0,0,30837,1270,501,0.04118429159775594,0.0162467166066738,0.39448818897637794,reported,reported,reported
2026-04,Uber,204,Staten Island,Rossville/Woodrow,4633,3,0,0,0,4636,3,0,0.0006471095772217428,0.0,0.0,reported,reported,insufficient sample
2026-04,Uber,205,Queens,Saint Albans,61197,1349,1519,0,0,64065,2868,1519,0.04476703348162023,0.023710294232420197,0.5296373779637378,reported,reported,reported
2026-04,Uber,206,Staten Island,Saint George/New Brighton,33972,292,98,0,0,34362,390,98,0.011349746813340318,0.00285198766078808,0.2512820512820513,reported,reported,reported
2026-04,Uber,207,Queens,Saint Michaels Cemetery/Woodside,744,7,8,0,0,759,15,8,0.019762845849802372,0.010540184453227932,0.5333333333333333,reported,reported,insufficient sample
2026-04,Uber,208,Bronx,Schuylerville/Edgewater Park,52627,725,553,0,0,53905,1278,553,0.02370837584639644,0.010258788609590947,0.4327073552425665,reported,reported,reported
2026-04,Uber,209,Manhattan,Seaport,30347,208,364,0,0,30919,572,364,0.018499951486141208,0.011772696400271678,0.6363636363636364,reported,reported,reported
2026-04,Uber,210,Brooklyn,Sheepshead Bay,52649,700,650,0,0,53999,1350,650,0.02500046297153651,0.01203725994925832,0.48148148148148145,reported,reported,reported
2026-04,Uber,211,Manhattan,SoHo,85184,329,660,0,0,86173,989,660,0.011476912722082323,0.0076590115233309735,0.6673407482305359,reported,reported,reported
2026-04,Uber,212,Bronx,Soundview/Bruckner,43706,509,512,0,0,44727,1021,512,0.02282737496366848,0.011447224271692714,0.5014691478942214,reported,reported,reported
2026-04,Uber,213,Bronx,Soundview/Castle Hill,76987,1127,1101,0,0,79215,2228,1101,0.028125986239979802,0.01389888278735088,0.49416517055655296,reported,reported,reported
2026-04,Uber,214,Staten Island,South Beach/Dongan Hills,13685,112,25,0,0,13822,137,25,0.009911734915352337,0.0018087107509767038,0.18248175182481752,reported,reported,reported
2026-04,Uber,215,Queens,South Jamaica,46300,737,870,0,0,47907,1607,870,0.03354415847370948,0.01816018535913332,0.5413814561294338,reported,reported,reported
2026-04,Uber,216,Queens,South Ozone Park,97867,2010,1446,0,0,101323,3456,1446,0.034108741351914176,0.014271192128144646,0.4184027777777778,reported,reported,reported
2026-04,Uber,217,Brooklyn,South Williamsburg,22812,177,332,0,0,23321,509,332,0.021825822220316454,0.014236096222288924,0.6522593320235757,reported,reported,reported
2026-04,Uber,218,Queens,Springfield Gardens North,31567,866,709,0,0,33142,1575,709,0.04752278076157142,0.021392794641240723,0.45015873015873015,reported,reported,reported
2026-04,Uber,219,Queens,Springfield Gardens South,26511,732,558,0,0,27801,1290,558,0.046401208589619075,0.020071220459695695,0.4325581395348837,reported,reported,reported
2026-04,Uber,220,Bronx,Spuyten Duyvil/Kingsbridge,56876,537,493,0,0,57906,1030,493,0.017787448623631404,0.008513798224709011,0.4786407766990291,reported,reported,reported
2026-04,Uber,221,Staten Island,Stapleton,22555,277,96,0,0,22928,373,96,0.01626831821353803,0.00418702023726448,0.257372654155496,reported,reported,reported
2026-04,Uber,222,Brooklyn,Starrett City,20127,401,672,0,0,21200,1073,672,0.05061320754716981,0.03169811320754717,0.6262814538676608,reported,reported,reported
2026-04,Uber,223,Queens,Steinway,71207,764,664,0,0,72635,1428,664,0.019659943553383356,0.009141598402973773,0.4649859943977591,reported,reported,reported
2026-04,Uber,224,Manhattan,Stuy Town/Peter Cooper Village,27079,407,489,0,0,27975,896,489,0.032028596961572835,0.0174798927613941,0.5457589285714286,reported,reported,reported
2026-04,Uber,225,Brooklyn,Stuyvesant Heights,111242,1195,3978,0,0,116415,5173,3978,0.04443585448610574,0.034170854271356785,0.7689928474772859,reported,reported,reported
2026-04,Uber,226,Queens,Sunnyside,88327,1138,1554,0,0,91019,2692,1554,0.029576242323031455,0.017073358309803447,0.5772659732540861,reported,reported,reported
2026-04,Uber,227,Brooklyn,Sunset Park East,39770,611,543,0,0,40924,1154,543,0.028198612061382074,0.01326849770305933,0.47053726169844023,reported,reported,reported
2026-04,Uber,228,Brooklyn,Sunset Park West,73033,866,1268,0,0,75167,2134,1268,0.02839011800391129,0.01686910479332686,0.5941893158388004,reported,reported,reported
2026-04,Uber,229,Manhattan,Sutton Place/Turtle Bay North,79903,525,938,0,0,81366,1463,938,0.017980483248531326,0.011528156723938745,0.6411483253588517,reported,reported,reported
2026-04,Uber,230,Manhattan,Times Sq/Theatre District,182021,730,1604,0,0,184355,2334,1604,0.012660356377640965,0.008700604811369368,0.6872322193658955,reported,reported,reported
2026-04,Uber,231,Manhattan,TriBeCa/Civic Center,168251,792,1207,0,0,170250,1999,1207,0.011741556534508077,0.007089574155653451,0.6038019009504753,reported,reported,reported
2026-04,Uber,232,Manhattan,Two Bridges/Seward Park,58662,1243,1819,0,0,61724,3062,1819,0.04960793208476443,0.029469898256755882,0.5940561724363161,reported,reported,reported
2026-04,Uber,233,Manhattan,UN/Turtle Bay South,76234,482,705,0,0,77421,1187,705,0.015331757533485747,0.009106056496299454,0.5939342881213142,reported,reported,reported
2026-04,Uber,234,Manhattan,Union Sq,161233,759,1613,0,0,163605,2372,1613,0.014498334402982795,0.009859111885333578,0.6800168634064081,reported,reported,reported
2026-04,Uber,235,Bronx,University Heights/Morris Heights,68517,642,793,0,0,69952,1435,793,0.020514066788655076,0.011336344922232388,0.5526132404181184,reported,reported,reported
2026-04,Uber,236,Manhattan,Upper East Side North,111020,858,1155,0,0,113033,2013,1155,0.017808958445763627,0.010218254845929949,0.5737704918032787,reported,reported,reported
2026-04,Uber,237,Manhattan,Upper East Side South,135755,822,1298,0,0,137875,2120,1298,0.015376246600181324,0.009414324569356302,0.6122641509433963,reported,reported,reported
2026-04,Uber,238,Manhattan,Upper West Side North,73903,1042,1484,0,0,76429,2526,1484,0.03305028196103573,0.019416713551138966,0.5874901029295329,reported,reported,reported
2026-04,Uber,239,Manhattan,Upper West Side South,87196,817,1209,0,0,89222,2026,1209,0.022707404003496894,0.013550469615117348,0.5967423494570583,reported,reported,reported
2026-04,Uber,240,Bronx,Van Cortlandt Park,11547,99,113,0,0,11759,212,113,0.018028743940811293,0.009609660685432436,0.5330188679245284,reported,reported,reported
2026-04,Uber,241,Bronx,Van Cortlandt Village,60029,472,607,0,0,61108,1079,607,0.017657262551548078,0.009933232964587289,0.5625579240037072,reported,reported,reported
2026-04,Uber,242,Bronx,Van Nest/Morris Park,61345,665,583,0,0,62593,1248,583,0.01993833176233764,0.009314140558848433,0.4671474358974359,reported,reported,reported
2026-04,Uber,243,Manhattan,Washington Heights North,80839,818,935,0,0,82592,1753,935,0.021224815962805114,0.011320709027508718,0.5333713633770679,reported,reported,reported
2026-04,Uber,244,Manhattan,Washington Heights South,108654,929,1356,0,0,110939,2285,1356,0.02059690460523351,0.01222293332371844,0.5934354485776805,reported,reported,reported
2026-04,Uber,245,Staten Island,West Brighton,12908,88,31,0,0,13027,119,31,0.009134873723804407,0.002379672986873417,0.2605042016806723,reported,reported,reported
2026-04,Uber,246,Manhattan,West Chelsea/Hudson Yards,159163,952,1445,0,0,161560,2397,1445,0.01483659321614261,0.008944045555830652,0.6028368794326241,reported,reported,reported
2026-04,Uber,247,Bronx,West Concourse,83610,660,774,0,0,85044,1434,774,0.016861859743191758,0.00910117115845915,0.5397489539748954,reported,reported,reported
2026-04,Uber,248,Bronx,West Farms/Bronx River,39435,416,527,0,0,40378,943,527,0.02335430184754074,0.01305166179602754,0.5588547189819725,reported,reported,reported
2026-04,Uber,249,Manhattan,West Village,131091,603,1701,0,0,133395,2304,1701,0.017272011694591253,0.012751602383897448,0.73828125,reported,reported,reported
2026-04,Uber,250,Bronx,Westchester Village/Unionport,40736,480,410,0,0,41626,890,410,0.021380867726901457,0.009849613222505165,0.4606741573033708,reported,reported,reported
2026-04,Uber,251,Staten Island,Westerleigh,13389,76,22,0,0,13487,98,22,0.007266256395047082,0.001631200415214651,0.22448979591836735,reported,reported,insufficient sample
2026-04,Uber,252,Queens,Whitestone,21246,328,132,0,0,21706,460,132,0.02119229706072054,0.006081267852206763,0.28695652173913044,reported,reported,reported
2026-04,Uber,253,Queens,Willets Point,596,3,8,0,0,607,11,8,0.018121911037891267,0.013179571663920923,0.7272727272727273,reported,reported,insufficient sample
2026-04,Uber,254,Bronx,Williamsbridge/Olinville,79131,1028,1178,0,0,81337,2206,1178,0.027121728118814317,0.014482953637336022,0.5339981867633726,reported,reported,reported
2026-04,Uber,255,Brooklyn,Williamsburg (North Side),140862,924,2712,0,0,144498,3636,2712,0.025162978034298053,0.018768425860565544,0.7458745874587459,reported,reported,reported
2026-04,Uber,256,Brooklyn,Williamsburg (South Side),117402,953,2307,0,0,120662,3260,2307,0.027017619465946198,0.019119523959490146,0.7076687116564417,reported,reported,reported
2026-04,Uber,257,Brooklyn,Windsor Terrace,20279,142,291,0,0,20712,433,291,0.020905755117806103,0.014049826187717265,0.6720554272517321,reported,reported,reported
2026-04,Uber,258,Queens,Woodhaven,49602,942,1047,0,0,51591,1989,1047,0.038553236029540035,0.020294237366982614,0.526395173453997,reported,reported,reported
2026-04,Uber,259,Bronx,Woodlawn/Wakefield,55242,778,712,0,0,56732,1490,712,0.026263836987943313,0.012550236198265528,0.4778523489932886,reported,reported,reported
2026-04,Uber,260,Queens,Woodside,66964,662,843,0,0,68469,1505,843,0.021980750412595482,0.012312141261008632,0.5601328903654486,reported,reported,reported
2026-04,Uber,261,Manhattan,World Trade Center,55280,299,435,0,0,56014,734,435,0.013103866890420252,0.007765915663941157,0.5926430517711172,reported,reported,reported
2026-04,Uber,262,Manhattan,Yorkville East,49390,850,811,0,0,51051,1661,811,0.032536091359620774,0.015886074709604122,0.48826008428657436,reported,reported,reported
2026-04,Uber,263,Manhattan,Yorkville West,76979,1022,1418,0,0,79419,2440,1418,0.03072312670771478,0.017854669537516212,0.5811475409836065,reported,reported,reported
2026-04,Uber,264,Unknown,N/A,0,0,0,0,0,0,0,0,,,,undefined,undefined,undefined
2026-04,Uber,265,N/A,Outside of NYC,747,16,2,0,0,765,18,2,0.023529411764705882,0.00261437908496732,0.1111111111111111,reported,reported,insufficient sample
2026-04,Lyft,1,EWR,Newark Airport,0,0,0,0,0,0,0,0,,,,undefined,undefined,undefined
2026-04,Lyft,2,Queens,Jamaica Bay,14,0,0,0,0,14,0,0,0.0,0.0,,insufficient sample,insufficient sample,undefined
2026-04,Lyft,3,Bronx,Allerton/Pelham Gardens,14628,0,0,0,0,14628,0,0,0.0,0.0,,reported,reported,undefined
2026-04,Lyft,4,Manhattan,Alphabet City,14760,13,2,4,0,14779,15,6,0.0010149536504499629,0.00040598146017998513,0.13333333333333333,reported,reported,insufficient sample
2026-04,Lyft,5,Staten Island,Arden Heights,1353,0,0,0,0,1353,0,0,0.0,0.0,,reported,reported,undefined
2026-04,Lyft,6,Staten Island,Arrochar/Fort Wadsworth,3773,2,0,0,0,3775,2,0,0.0005298013245033113,0.0,0.0,reported,reported,insufficient sample
2026-04,Lyft,7,Queens,Astoria,60067,2,0,1,0,60070,2,1,3.3294489761944396e-05,1.6647244880972198e-05,0.0,reported,reported,insufficient sample
2026-04,Lyft,8,Queens,Astoria Park,229,0,0,0,0,229,0,0,0.0,0.0,,reported,reported,undefined
2026-04,Lyft,9,Queens,Auburndale,4846,0,0,0,0,4846,0,0,0.0,0.0,,reported,reported,undefined
2026-04,Lyft,10,Queens,Baisley Park,20496,0,0,0,0,20496,0,0,0.0,0.0,,reported,reported,undefined
2026-04,Lyft,11,Brooklyn,Bath Beach,5840,0,0,0,0,5840,0,0,0.0,0.0,,reported,reported,undefined
2026-04,Lyft,12,Manhattan,Battery Park,500,0,0,0,0,500,0,0,0.0,0.0,,reported,reported,undefined
2026-04,Lyft,13,Manhattan,Battery Park City,20470,4,0,6,0,20480,4,6,0.0001953125,0.00029296875,0.0,reported,reported,insufficient sample
2026-04,Lyft,14,Brooklyn,Bay Ridge,31034,1,0,1,0,31036,1,1,3.2220646990591574e-05,3.2220646990591574e-05,0.0,reported,reported,insufficient sample
2026-04,Lyft,15,Queens,Bay Terrace/Fort Totten,3991,0,0,0,0,3991,0,0,0.0,0.0,,reported,reported,undefined
2026-04,Lyft,16,Queens,Bayside,10887,0,0,0,0,10887,0,0,0.0,0.0,,reported,reported,undefined
2026-04,Lyft,17,Brooklyn,Bedford,45760,5,0,3,0,45768,5,3,0.00010924663520363573,6.554798112218144e-05,0.0,reported,reported,insufficient sample
2026-04,Lyft,18,Bronx,Bedford Park,29035,0,0,1,0,29036,0,1,0.0,3.444000551040088e-05,,reported,reported,undefined
2026-04,Lyft,19,Queens,Bellerose,4691,1,0,0,0,4692,1,0,0.00021312872975277067,0.0,0.0,reported,reported,insufficient sample
2026-04,Lyft,20,Bronx,Belmont,18363,1,0,4,0,18368,1,4,5.4442508710801394e-05,0.00021777003484320557,0.0,reported,reported,insufficient sample
2026-04,Lyft,21,Brooklyn,Bensonhurst East,14282,0,0,0,0,14282,0,0,0.0,0.0,,reported,reported,undefined
2026-04,Lyft,22,Brooklyn,Bensonhurst West,17891,2,0,0,0,17893,2,0,0.00011177555468619013,0.0,0.0,reported,reported,insufficient sample
2026-04,Lyft,23,Staten Island,Bloomfield/Emerson Hill,8021,0,0,1,0,8022,0,1,0.0,0.00012465719272001995,,reported,reported,undefined
2026-04,Lyft,24,Manhattan,Bloomingdale,8019,1,0,0,0,8020,1,0,0.00012468827930174563,0.0,0.0,reported,reported,insufficient sample
2026-04,Lyft,25,Brooklyn,Boerum Hill,37823,2,0,4,0,37829,2,4,5.286949165983769e-05,0.00010573898331967538,0.0,reported,reported,insufficient sample
2026-04,Lyft,26,Brooklyn,Borough Park,20836,0,0,0,0,20836,0,0,0.0,0.0,,reported,reported,undefined
2026-04,Lyft,27,Queens,Breezy Point/Fort Tilden/Riis Beach,116,0,0,0,0,116,0,0,0.0,0.0,,reported,reported,undefined
2026-04,Lyft,28,Queens,Briarwood/Jamaica Hills,14229,0,0,1,0,14230,0,1,0.0,7.02740688685875e-05,,reported,reported,undefined
2026-04,Lyft,29,Brooklyn,Brighton Beach,11274,0,0,0,0,11274,0,0,0.0,0.0,,reported,reported,undefined
2026-04,Lyft,30,Queens,Broad Channel,243,0,0,0,0,243,0,0,0.0,0.0,,reported,reported,undefined
2026-04,Lyft,31,Bronx,Bronx Park,2795,0,0,0,0,2795,0,0,0.0,0.0,,reported,reported,undefined
2026-04,Lyft,32,Bronx,Bronxdale,15514,0,0,0,0,15514,0,0,0.0,0.0,,reported,reported,undefined
2026-04,Lyft,33,Brooklyn,Brooklyn Heights,31376,3,0,1,0,31380,3,1,9.560229445506692e-05,3.1867431485022305e-05,0.0,reported,reported,insufficient sample
2026-04,Lyft,34,Brooklyn,Brooklyn Navy Yard,5497,3,0,6,0,5506,3,6,0.0005448601525608427,0.0010897203051216855,0.0,reported,reported,insufficient sample
2026-04,Lyft,35,Brooklyn,Brownsville,34335,0,0,1,0,34336,0,1,0.0,2.912395153774464e-05,,reported,reported,undefined
2026-04,Lyft,36,Brooklyn,Bushwick North,46473,1,0,8,0,46482,1,8,2.151370422959425e-05,0.000172109633836754,0.0,reported,reported,insufficient sample
2026-04,Lyft,37,Brooklyn,Bushwick South,64106,2,0,6,0,64114,2,6,3.1194434912811554e-05,9.358330473843466e-05,0.0,reported,reported,insufficient sample
2026-04,Lyft,38,Queens,Cambria Heights,7381,0,0,0,0,7381,0,0,0.0,0.0,,reported,reported,undefined
2026-04,Lyft,39,Brooklyn,Canarsie,39844,0,0,3,0,39847,0,3,0.0,7.528797651015133e-05,,reported,reported,undefined
2026-04,Lyft,40,Brooklyn,Carroll Gardens,16943,1,0,2,0,16946,1,2,5.901097604154373e-05,0.00011802195208308746,0.0,reported,reported,insufficient sample
2026-04,Lyft,41,Manhattan,Central Harlem,45451,4,0,2,0,45457,4,2,8.799524825659414e-05,4.399762412829707e-05,0.0,reported,reported,insufficient sample
2026-04,Lyft,42,Manhattan,Central Harlem North,61924,1,0,5,0,61930,1,5,1.6147263038914905e-05,8.073631519457452e-05,0.0,reported,reported,insufficient sample
2026-04,Lyft,43,Manhattan,Central Park,6350,4,0,2,0,6356,4,2,0.0006293266205160479,0.00031466331025802394,0.0,reported,reported,insufficient sample
2026-04,Lyft,44,Staten Island,Charleston/Tottenville,2129,0,0,0,0,2129,0,0,0.0,0.0,,reported,reported,undefined
2026-04,Lyft,45,Manhattan,Chinatown,14514,8,0,4,0,14526,8,4,0.0005507366102161641,0.00027536830510808204,0.0,reported,reported,insufficient sample
2026-04,Lyft,46,Bronx,City Island,1266,0,0,0,0,1266,0,0,0.0,0.0,,reported,reported,undefined
2026-04,Lyft,47,Bronx,Claremont/Bathgate,20714,0,0,0,0,20714,0,0,0.0,0.0,,reported,reported,undefined
2026-04,Lyft,48,Manhattan,Clinton East,51435,55,0,11,0,51501,55,11,0.0010679404283411972,0.00021358808566823945,0.0,reported,reported,insufficient sample
2026-04,Lyft,49,Brooklyn,Clinton Hill,37768,4,0,5,0,37777,4,5,0.00010588453291685416,0.0001323556661460677,0.0,reported,reported,insufficient sample
2026-04,Lyft,50,Manhattan,Clinton West,27701,54,2,3,0,27760,56,5,0.0020172910662824206,0.00018011527377521613,0.03571428571428571,reported,reported,insufficient sample
2026-04,Lyft,51,Bronx,Co-Op City,23635,0,0,1,0,23636,0,1,0.0,4.230834320528008e-05,,reported,reported,undefined
2026-04,Lyft,52,Brooklyn,Cobble Hill,11297,0,0,0,0,11297,0,0,0.0,0.0,,reported,reported,undefined
2026-04,Lyft,53,Queens,College Point,7672,0,0,1,0,7673,0,1,0.0,0.00013032712107389547,,reported,reported,undefined
2026-04,Lyft,54,Brooklyn,Columbia Street,4318,0,0,0,0,4318,0,0,0.0,0.0,,reported,reported,undefined
2026-04,Lyft,55,Brooklyn,Coney Island,16247,1,0,1,0,16249,1,1,6.154224875376947e-05,6.154224875376947e-05,0.0,reported,reported,insufficient sample
2026-04,Lyft,56,Queens,Corona,16186,0,0,0,0,16186,0,0,0.0,0.0,,reported,reported,undefined
2026-04,Lyft,57,Queens,Corona,1384,0,0,0,0,1384,0,0,0.0,0.0,,reported,reported,undefined
2026-04,Lyft,58,Bronx,Country Club,1781,0,0,0,0,1781,0,0,0.0,0.0,,reported,reported,undefined
2026-04,Lyft,59,Bronx,Crotona Park,647,0,0,0,0,647,0,0,0.0,0.0,,reported,reported,undefined
2026-04,Lyft,60,Bronx,Crotona Park East,14178,0,0,2,0,14180,0,2,0.0,0.00014104372355430183,,reported,reported,undefined
2026-04,Lyft,61,Brooklyn,Crown Heights North,76525,3,0,7,0,76535,3,7,3.91977526621807e-05,9.146142287842164e-05,0.0,reported,reported,insufficient sample
2026-04,Lyft,62,Brooklyn,Crown Heights South,19595,3,0,5,0,19603,3,5,0.00015303780033668315,0.0002550630005611386,0.0,reported,reported,insufficient sample
2026-04,Lyft,63,Brooklyn,Cypress Hills,16426,0,0,0,0,16426,0,0,0.0,0.0,,reported,reported,undefined
2026-04,Lyft,64,Queens,Douglaston,3512,0,0,0,0,3512,0,0,0.0,0.0,,reported,reported,undefined
2026-04,Lyft,65,Brooklyn,Downtown Brooklyn/MetroTech,28974,7,0,5,0,28986,7,5,0.0002414958945697923,0.00017249706754985164,0.0,reported,reported,insufficient sample
2026-04,Lyft,66,Brooklyn,DUMBO/Vinegar Hill,22640,12,0,2,0,22654,12,2,0.0005297077778758718,8.828462964597864e-05,0.0,reported,reported,insufficient sample
2026-04,Lyft,67,Brooklyn,Dyker Heights,9413,0,0,0,0,9413,0,0,0.0,0.0,,reported,reported,undefined
2026-04,Lyft,68,Manhattan,East Chelsea,54116,227,14,19,0,54376,241,33,0.004432102398116816,0.000606885390613506,0.058091286307053944,reported,reported,reported
2026-04,Lyft,69,Bronx,East Concourse/Concourse Village,32012,0,0,6,0,32018,0,6,0.0,0.00018739459054281966,,reported,reported,undefined
2026-04,Lyft,70,Queens,East Elmhurst,14822,0,0,0,0,14822,0,0,0.0,0.0,,reported,reported,undefined
2026-04,Lyft,71,Brooklyn,East Flatbush/Farragut,21495,0,0,0,0,21495,0,0,0.0,0.0,,reported,reported,undefined
2026-04,Lyft,72,Brooklyn,East Flatbush/Remsen Village,26485,0,0,1,0,26486,0,1,0.0,3.7755795514611494e-05,,reported,reported,undefined
2026-04,Lyft,73,Queens,East Flushing,4955,0,0,0,0,4955,0,0,0.0,0.0,,reported,reported,undefined
2026-04,Lyft,74,Manhattan,East Harlem North,48837,1,0,5,0,48843,1,5,2.0473762872878406e-05,0.00010236881436439204,0.0,reported,reported,insufficient sample
2026-04,Lyft,75,Manhattan,East Harlem South,36780,0,0,6,0,36786,0,6,0.0,0.00016310552927744252,,reported,reported,undefined
2026-04,Lyft,76,Brooklyn,East New York,68661,0,0,4,0,68665,0,4,0.0,5.825384111264837e-05,,reported,reported,undefined
2026-04,Lyft,77,Brooklyn,East New York/Pennsylvania Avenue,16650,0,0,0,0,16650,0,0,0.0,0.0,,reported,reported,undefined
2026-04,Lyft,78,Bronx,East Tremont,28323,0,0,1,0,28324,0,1,0.0,3.530574777573789e-05,,reported,reported,undefined
2026-04,Lyft,79,Manhattan,East Village,63006,30,1,22,0,63059,31,23,0.0004916031018569911,0.0003647377852487353,0.03225806451612903,reported,reported,insufficient sample
2026-04,Lyft,80,Brooklyn,East Williamsburg,46573,21,0,17,0,46611,21,17,0.0004505374267876681,0.0003647207740662075,0.0,reported,reported,insufficient sample
2026-04,Lyft,81,Bronx,Eastchester,17475,0,0,1,0,17476,0,1,0.0,5.722133211261158e-05,,reported,reported,undefined
2026-04,Lyft,82,Queens,Elmhurst,39944,0,0,0,0,39944,0,0,0.0,0.0,,reported,reported,undefined
2026-04,Lyft,83,Queens,Elmhurst/Maspeth,13619,0,0,2,0,13621,0,2,0.0,0.00014683209749651274,,reported,reported,undefined
2026-04,Lyft,84,Staten Island,Eltingville/Annadale/Prince's Bay,2346,0,0,0,0,2346,0,0,0.0,0.0,,reported,reported,undefined
2026-04,Lyft,85,Brooklyn,Erasmus,17240,0,0,6,0,17246,0,6,0.0,0.0003479067609880552,,reported,reported,undefined
2026-04,Lyft,86,Queens,Far Rockaway,14200,0,0,9,0,14209,0,9,0.0,0.000633401365331832,,reported,reported,undefined
2026-04,Lyft,87,Manhattan,Financial District North,31696,24,0,5,0,31725,24,5,0.000756501182033097,0.00015760441292356187,0.0,reported,reported,insufficient sample
2026-04,Lyft,88,Manhattan,Financial District South,14575,1,0,2,0,14578,1,2,6.859651529702291e-05,0.00013719303059404582,0.0,reported,reported,insufficient sample
2026-04,Lyft,89,Brooklyn,Flatbush/Ditmas Park,45482,4,0,3,0,45489,4,3,8.793334652333531e-05,6.595000989250148e-05,0.0,reported,reported,insufficient sample
2026-04,Lyft,90,Manhattan,Flatiron,30941,36,0,7,0,30984,36,7,0.0011618900077459333,0.00022592305706170928,0.0,reported,reported,insufficient sample
2026-04,Lyft,91,Brooklyn,Flatlands,26406,0,0,0,0,26406,0,0,0.0,0.0,,reported,reported,undefined
2026-04,Lyft,92,Queens,Flushing,26978,4,0,3,0,26985,4,3,0.00014823049842505094,0.00011117287381878821,0.0,reported,reported,insufficient sample
2026-04,Lyft,93,Queens,Flushing Meadows-Corona Park,4285,0,0,3,0,4288,0,3,0.0,0.0006996268656716418,,reported,reported,undefined
2026-04,Lyft,94,Bronx,Fordham South,12537,0,0,2,0,12539,0,2,0.0,0.00015950235265970174,,reported,reported,undefined
2026-04,Lyft,95,Queens,Forest Hills,40991,1,0,1,0,40993,1,1,2.4394408801502697e-05,2.4394408801502697e-05,0.0,reported,reported,insufficient sample
2026-04,Lyft,96,Queens,Forest Park/Highland Park,919,0,0,0,0,919,0,0,0.0,0.0,,reported,reported,undefined
2026-04,Lyft,97,Brooklyn,Fort Greene,44272,17,0,13,0,44302,17,13,0.0003837298541826554,0.00029344047672791296,0.0,reported,reported,insufficient sample
2026-04,Lyft,98,Queens,Fresh Meadows,5278,1,0,0,0,5279,1,0,0.00018942981625307822,0.0,0.0,reported,reported,insufficient sample
2026-04,Lyft,99,Staten Island,Freshkills Park,166,0,0,0,0,166,0,0,0.0,0.0,,reported,reported,undefined
2026-04,Lyft,100,Manhattan,Garment District,25484,35,1,13,0,25533,36,14,0.0014099400775467042,0.0005483100301570516,0.027777777777777776,reported,reported,insufficient sample
2026-04,Lyft,101,Queens,Glen Oaks,4882,0,0,0,0,4882,0,0,0.0,0.0,,reported,reported,undefined
2026-04,Lyft,102,Queens,Glendale,13938,0,0,1,0,13939,0,1,0.0,7.174115790228854e-05,,reported,reported,undefined
2026-04,Lyft,103,Manhattan,Governor's Island/Ellis Island/Liberty Island,0,0,0,0,0,0,0,0,,,,undefined,undefined,undefined
2026-04,Lyft,104,Manhattan,Governor's Island/Ellis Island/Liberty Island,0,0,0,0,0,0,0,0,,,,undefined,undefined,undefined
2026-04,Lyft,105,Manhattan,Governor's Island/Ellis Island/Liberty Island,3,0,0,0,0,3,0,0,0.0,0.0,,insufficient sample,insufficient sample,undefined
2026-04,Lyft,106,Brooklyn,Gowanus,17407,3,0,1,0,17411,3,1,0.00017230486474068118,5.7434954913560395e-05,0.0,reported,reported,insufficient sample
2026-04,Lyft,107,Manhattan,Gramercy,36493,46,3,4,0,36546,49,7,0.001340776008318284,0.00019153942975975484,0.061224489795918366,reported,reported,insufficient sample
2026-04,Lyft,108,Brooklyn,Gravesend,8075,0,0,0,0,8075,0,0,0.0,0.0,,reported,reported,undefined
2026-04,Lyft,109,Staten Island,Great Kills,4009,0,0,1,0,4010,0,1,0.0,0.00024937655860349125,,reported,reported,undefined
2026-04,Lyft,110,Staten Island,Great Kills Park,6,0,0,0,0,6,0,0,0.0,0.0,,insufficient sample,insufficient sample,undefined
2026-04,Lyft,111,Brooklyn,Green-Wood Cemetery,237,0,0,0,0,237,0,0,0.0,0.0,,reported,reported,undefined
2026-04,Lyft,112,Brooklyn,Greenpoint,62377,50,1,14,0,62442,51,15,0.0008167579513788796,0.00024022292687614106,0.0196078431372549,reported,reported,insufficient sample
2026-04,Lyft,113,Manhattan,Greenwich Village North,28913,18,0,10,0,28941,18,10,0.0006219550119208044,0.0003455305621782247,0.0,reported,reported,insufficient sample
2026-04,Lyft,114,Manhattan,Greenwich Village South,30349,15,0,14,0,30378,15,14,0.0004937783922575548,0.0004608598327737178,0.0,reported,reported,insufficient sample
2026-04,Lyft,115,Staten Island,Grymes Hill/Clifton,5011,0,0,0,0,5011,0,0,0.0,0.0,,reported,reported,undefined
2026-04,Lyft,116,Manhattan,Hamilton Heights,27788,4,0,2,0,27794,4,2,0.0001439159530833993,7.195797654169965e-05,0.0,reported,reported,insufficient sample
2026-04,Lyft,117,Queens,Hammels/Arverne,10521,0,0,16,0,10537,0,16,0.0,0.0015184587643541805,,reported,reported,undefined
2026-04,Lyft,118,Staten Island,Heartland Village/Todt Hill,5968,0,0,0,0,5968,0,0,0.0,0.0,,reported,reported,undefined
2026-04,Lyft,119,Bronx,Highbridge,21198,0,0,5,0,21203,0,5,0.0,0.00023581568645946328,,reported,reported,undefined
2026-04,Lyft,120,Manhattan,Highbridge Park,493,0,0,0,0,493,0,0,0.0,0.0,,reported,reported,undefined
2026-04,Lyft,121,Queens,Hillcrest/Pomonok,13664,4,0,0,0,13668,4,0,0.000292654375182909,0.0,0.0,reported,reported,insufficient sample
2026-04,Lyft,122,Queens,Hollis,7729,0,0,0,0,7729,0,0,0.0,0.0,,reported,reported,undefined
2026-04,Lyft,123,Brooklyn,Homecrest,15036,0,0,0,0,15036,0,0,0.0,0.0,,reported,reported,undefined
2026-04,Lyft,124,Queens,Howard Beach,9135,0,0,0,0,9135,0,0,0.0,0.0,,reported,reported,undefined
2026-04,Lyft,125,Manhattan,Hudson Sq,17632,2,0,2,0,17636,2,2,0.00011340440009072352,0.00011340440009072352,0.0,reported,reported,insufficient sample
2026-04,Lyft,126,Bronx,Hunts Point,19663,0,0,0,0,19663,0,0,0.0,0.0,,reported,reported,undefined
2026-04,Lyft,127,Manhattan,Inwood,26154,0,0,3,0,26157,0,3,0.0,0.00011469205184080744,,reported,reported,undefined
2026-04,Lyft,128,Manhattan,Inwood Hill Park,2033,0,0,0,0,2033,0,0,0.0,0.0,,reported,reported,undefined
2026-04,Lyft,129,Queens,Jackson Heights,44143,0,0,2,0,44145,0,2,0.0,4.5305244082002494e-05,,reported,reported,undefined
2026-04,Lyft,130,Queens,Jamaica,50048,1,0,0,0,50049,1,0,1.9980419189194588e-05,0.0,0.0,reported,reported,insufficient sample
2026-04,Lyft,131,Queens,Jamaica Estates,9373,1,0,2,0,9376,1,2,0.00010665529010238908,0.00021331058020477816,0.0,reported,reported,insufficient sample
2026-04,Lyft,132,Queens,JFK Airport,62743,16,0,0,0,62759,16,0,0.00025494351407766215,0.0,0.0,reported,reported,insufficient sample
2026-04,Lyft,133,Brooklyn,Kensington,10771,0,0,0,0,10771,0,0,0.0,0.0,,reported,reported,undefined
2026-04,Lyft,134,Queens,Kew Gardens,13829,0,0,0,0,13829,0,0,0.0,0.0,,reported,reported,undefined
2026-04,Lyft,135,Queens,Kew Gardens Hills,10297,2,0,0,0,10299,2,0,0.00019419361103019712,0.0,0.0,reported,reported,insufficient sample
2026-04,Lyft,136,Bronx,Kingsbridge Heights,14261,0,0,1,0,14262,0,1,0.0,7.011639321273313e-05,,reported,reported,undefined
2026-04,Lyft,137,Manhattan,Kips Bay,27331,32,0,2,0,27365,32,2,0.0011693769413484378,7.308605883427736e-05,0.0,reported,reported,insufficient sample
2026-04,Lyft,138,Queens,LaGuardia Airport,103811,18,0,0,0,103829,18,0,0.0001733619701624787,0.0,0.0,reported,reported,insufficient sample
2026-04,Lyft,139,Queens,Laurelton,12726,0,0,0,0,12726,0,0,0.0,0.0,,reported,reported,undefined
2026-04,Lyft,140,Manhattan,Lenox Hill East,34096,4,0,1,0,34101,4,1,0.00011729861294390193,2.9324653235975483e-05,0.0,reported,reported,insufficient sample
2026-04,Lyft,141,Manhattan,Lenox Hill West,32846,7,0,3,0,32856,7,3,0.0002130508887265644,9.130752373995617e-05,0.0,reported,reported,insufficient sample
2026-04,Lyft,142,Manhattan,Lincoln Square East,34392,10,1,8,0,34411,11,9,0.00031966522332974923,0.0002615442736334312,0.09090909090909091,reported,reported,insufficient sample
2026-04,Lyft,143,Manhattan,Lincoln Square West,27714,44,8,6,0,27772,52,14,0.0018723894570070575,0.0005041048538095924,0.15384615384615385,reported,reported,insufficient sample
2026-04,Lyft,144,Manhattan,Little Italy/NoLiTa,34088,9,2,9,0,34108,11,11,0.00032250498416793713,0.00032250498416793713,0.18181818181818182,reported,reported,insufficient sample
2026-04,Lyft,145,Queens,Long Island City/Hunters Point,53755,53,4,10,0,53822,57,14,0.0010590464865668314,0.0002601166809111516,0.07017543859649122,reported,reported,insufficient sample
2026-04,Lyft,146,Queens,Long Island City/Queens Plaza,15218,8,0,1,0,15227,8,1,0.0005253825441649702,6.567281802062127e-05,0.0,reported,reported,insufficient sample
2026-04,Lyft,147,Bronx,Longwood,12662,0,0,0,0,12662,0,0,0.0,0.0,,reported,reported,undefined
2026-04,Lyft,148,Manhattan,Lower East Side,53175,29,0,26,0,53230,29,26,0.0005448055607739996,0.0004884463648318617,0.0,reported,reported,insufficient sample
2026-04,Lyft,149,Brooklyn,Madison,12982,0,0,0,0,12982,0,0,0.0,0.0,,reported,reported,undefined
2026-04,Lyft,150,Brooklyn,Manhattan Beach,5368,0,0,0,0,5368,0,0,0.0,0.0,,reported,reported,undefined
2026-04,Lyft,151,Manhattan,Manhattan Valley,15101,7,0,1,0,15109,7,1,0.00046330001985571515,6.618571712224501e-05,0.0,reported,reported,insufficient sample
2026-04,Lyft,152,Manhattan,Manhattanville,14862,5,0,0,0,14867,5,0,0.00033631532925270735,0.0,0.0,reported,reported,insufficient sample
2026-04,Lyft,153,Manhattan,Marble Hill,5149,1,0,0,0,5150,1,0,0.0001941747572815534,0.0,0.0,reported,reported,insufficient sample
2026-04,Lyft,154,Brooklyn,Marine Park/Floyd Bennett Field,391,0,0,0,0,391,0,0,0.0,0.0,,reported,reported,undefined
2026-04,Lyft,155,Brooklyn,Marine Park/Mill Basin,13724,0,0,1,0,13725,0,1,0.0,7.285974499089253e-05,,reported,reported,undefined
2026-04,Lyft,156,Staten Island,Mariners Harbor,8415,0,0,0,0,8415,0,0,0.0,0.0,,reported,reported,undefined
2026-04,Lyft,157,Queens,Maspeth,20327,0,0,22,0,20349,0,22,0.0,0.0010811342080691926,,reported,reported,undefined
2026-04,Lyft,158,Manhattan,Meatpacking/West Village West,29180,26,0,12,0,29218,26,12,0.0008898624135806694,0.0004107057293449244,0.0,reported,reported,insufficient sample
2026-04,Lyft,159,Bronx,Melrose South,29277,0,0,0,0,29277,0,0,0.0,0.0,,reported,reported,undefined
2026-04,Lyft,160,Queens,Middle Village,12649,0,0,0,0,12649,0,0,0.0,0.0,,reported,reported,undefined
2026-04,Lyft,161,Manhattan,Midtown Center,46758,30,0,21,0,46809,30,21,0.0006409023905659168,0.00044863167339614175,0.0,reported,reported,insufficient sample
2026-04,Lyft,162,Manhattan,Midtown East,35302,25,0,6,0,35333,25,6,0.0007075538448475929,0.0001698129227634223,0.0,reported,reported,insufficient sample
2026-04,Lyft,163,Manhattan,Midtown North,35722,28,2,16,0,35768,30,18,0.0008387385372399911,0.0005032431223439946,0.06666666666666667,reported,reported,insufficient sample
2026-04,Lyft,164,Manhattan,Midtown South,47018,201,11,17,0,47247,212,28,0.004487057379304506,0.0005926302199081423,0.05188679245283019,reported,reported,reported
2026-04,Lyft,165,Brooklyn,Midwood,14929,2,0,0,0,14931,2,0,0.00013394950103810864,0.0,0.0,reported,reported,insufficient sample
2026-04,Lyft,166,Manhattan,Morningside Heights,25892,4,0,3,0,25899,4,3,0.00015444611761071856,0.00011583458820803892,0.0,reported,reported,insufficient sample
2026-04,Lyft,167,Bronx,Morrisania/Melrose,22947,0,0,0,0,22947,0,0,0.0,0.0,,reported,reported,undefined
2026-04,Lyft,168,Bronx,Mott Haven/Port Morris,42101,0,0,1,0,42102,0,1,0.0,2.3751840767659493e-05,,reported,reported,undefined
2026-04,Lyft,169,Bronx,Mount Hope,27103,0,0,0,0,27103,0,0,0.0,0.0,,reported,reported,undefined
2026-04,Lyft,170,Manhattan,Murray Hill,43736,63,3,9,0,43811,66,12,0.0015064709776083632,0.0002739038141106115,0.045454545454545456,reported,reported,insufficient sample
2026-04,Lyft,171,Queens,Murray Hill-Queens,10429,0,0,0,0,10429,0,0,0.0,0.0,,reported,reported,undefined
2026-04,Lyft,172,Staten Island,New Dorp/Midland Beach,3844,0,0,0,0,3844,0,0,0.0,0.0,,reported,reported,undefined
2026-04,Lyft,173,Queens,North Corona,13384,0,0,5,0,13389,0,5,0.0,0.000373440884308014,,reported,reported,undefined
2026-04,Lyft,174,Bronx,Norwood,26679,0,0,0,0,26679,0,0,0.0,0.0,,reported,reported,undefined
2026-04,Lyft,175,Queens,Oakland Gardens,4241,0,0,0,0,4241,0,0,0.0,0.0,,reported,reported,undefined
2026-04,Lyft,176,Staten Island,Oakwood,1897,0,0,0,0,1897,0,0,0.0,0.0,,reported,reported,undefined
2026-04,Lyft,177,Brooklyn,Ocean Hill,24173,0,0,1,0,24174,0,1,0.0,4.136675767353355e-05,,reported,reported,undefined
2026-04,Lyft,178,Brooklyn,Ocean Parkway South,4557,0,0,0,0,4557,0,0,0.0,0.0,,reported,reported,undefined
2026-04,Lyft,179,Queens,Old Astoria,22393,0,0,1,0,22394,0,1,0.0,4.4654818254889704e-05,,reported,reported,undefined
2026-04,Lyft,180,Queens,Ozone Park,10444,0,0,0,0,10444,0,0,0.0,0.0,,reported,reported,undefined
2026-04,Lyft,181,Brooklyn,Park Slope,69974,8,0,4,0,69986,8,4,0.00011430857600091446,5.715428800045723e-05,0.0,reported,reported,insufficient sample
2026-04,Lyft,182,Bronx,Parkchester,15092,0,0,1,0,15093,0,1,0.0,6.625588020936858e-05,,reported,reported,undefined
2026-04,Lyft,183,Bronx,Pelham Bay,7972,0,0,0,0,7972,0,0,0.0,0.0,,reported,reported,undefined
2026-04,Lyft,184,Bronx,Pelham Bay Park,1220,0,0,1,0,1221,0,1,0.0,0.000819000819000819,,reported,reported,undefined
2026-04,Lyft,185,Bronx,Pelham Parkway,19056,0,0,0,0,19056,0,0,0.0,0.0,,reported,reported,undefined
2026-04,Lyft,186,Manhattan,Penn Station/Madison Sq West,28106,30,5,9,0,28150,35,14,0.0012433392539964476,0.000497335701598579,0.14285714285714285,reported,reported,insufficient sample
2026-04,Lyft,187,Staten Island,Port Richmond,4416,0,0,0,0,4416,0,0,0.0,0.0,,reported,reported,undefined
2026-04,Lyft,188,Brooklyn,Prospect-Lefferts Gardens,40879,0,0,5,0,40884,0,5,0.0,0.00012229723119068584,,reported,reported,undefined
2026-04,Lyft,189,Brooklyn,Prospect Heights,24263,6,0,4,0,24273,6,4,0.00024718823384006923,0.00016479215589337948,0.0,reported,reported,insufficient sample
2026-04,Lyft,190,Brooklyn,Prospect Park,4081,1,0,0,0,4082,1,0,0.0002449779519843214,0.0,0.0,reported,reported,insufficient sample
2026-04,Lyft,191,Queens,Queens Village,18206,0,0,1,0,18207,0,1,0.0,5.4923930356456306e-05,,reported,reported,undefined
2026-04,Lyft,192,Queens,Queensboro Hill,7268,0,0,0,0,7268,0,0,0.0,0.0,,reported,reported,undefined
2026-04,Lyft,193,Queens,Queensbridge/Ravenswood,10271,3,1,0,0,10275,4,1,0.00038929440389294404,9.732360097323601e-05,0.25,reported,reported,insufficient sample
2026-04,Lyft,194,Manhattan,Randalls Island,1513,0,0,1,0,1514,0,1,0.0,0.0006605019815059445,,reported,reported,undefined
2026-04,Lyft,195,Brooklyn,Red Hook,13784,1,0,7,0,13792,1,7,7.250580046403712e-05,0.0005075406032482598,0.0,reported,reported,insufficient sample
2026-04,Lyft,196,Queens,Rego Park,15024,0,0,0,0,15024,0,0,0.0,0.0,,reported,reported,undefined
2026-04,Lyft,197,Queens,Richmond Hill,26345,0,0,0,0,26345,0,0,0.0,0.0,,reported,reported,undefined
2026-04,Lyft,198,Queens,Ridgewood,36689,0,0,2,0,36691,0,2,0.0,5.450928020495489e-05,,reported,reported,undefined
2026-04,Lyft,199,Bronx,Rikers Island,8,0,0,0,0,8,0,0,0.0,0.0,,insufficient sample,insufficient sample,undefined
2026-04,Lyft,200,Bronx,Riverdale/North Riverdale/Fieldston,12745,0,0,0,0,12745,0,0,0.0,0.0,,reported,reported,undefined
2026-04,Lyft,201,Queens,Rockaway Park,2733,0,0,1,0,2734,0,1,0.0,0.000365764447695684,,reported,reported,undefined
2026-04,Lyft,202,Manhattan,Roosevelt Island,3383,0,0,2,0,3385,0,2,0.0,0.0005908419497784342,,reported,reported,undefined
2026-04,Lyft,203,Queens,Rosedale,12010,0,0,1,0,12011,0,1,0.0,8.32570144034635e-05,,reported,reported,undefined
2026-04,Lyft,204,Staten Island,Rossville/Woodrow,1328,0,0,0,0,1328,0,0,0.0,0.0,,reported,reported,undefined
2026-04,Lyft,205,Queens,Saint Albans,27061,0,0,4,0,27065,0,4,0.0,0.00014779235174579715,,reported,reported,undefined
2026-04,Lyft,206,Staten Island,Saint George/New Brighton,13075,0,0,2,0,13077,0,2,0.0,0.00015294027682190105,,reported,reported,undefined
2026-04,Lyft,207,Queens,Saint Michaels Cemetery/Woodside,2942,0,0,0,0,2942,0,0,0.0,0.0,,reported,reported,undefined
2026-04,Lyft,208,Bronx,Schuylerville/Edgewater Park,19745,0,0,0,0,19745,0,0,0.0,0.0,,reported,reported,undefined
2026-04,Lyft,209,Manhattan,Seaport,11667,3,0,2,0,11672,3,2,0.00025702535983550376,0.00017135023989033586,0.0,reported,reported,insufficient sample
2026-04,Lyft,210,Brooklyn,Sheepshead Bay,17722,0,0,0,0,17722,0,0,0.0,0.0,,reported,reported,undefined
2026-04,Lyft,211,Manhattan,SoHo,26331,7,1,7,0,26346,8,8,0.0003036514081834055,0.0003036514081834055,0.125,reported,reported,insufficient sample
2026-04,Lyft,212,Bronx,Soundview/Bruckner,16745,0,0,1,0,16746,0,1,0.0,5.9715753015645525e-05,,reported,reported,undefined
2026-04,Lyft,213,Bronx,Soundview/Castle Hill,30669,1,0,5,0,30675,1,5,3.2599837000814995e-05,0.00016299918500407498,0.0,reported,reported,insufficient sample
2026-04,Lyft,214,Staten Island,South Beach/Dongan Hills,5368,0,0,0,0,5368,0,0,0.0,0.0,,reported,reported,undefined
2026-04,Lyft,215,Queens,South Jamaica,20495,0,0,0,0,20495,0,0,0.0,0.0,,reported,reported,undefined
2026-04,Lyft,216,Queens,South Ozone Park,34410,0,0,1,0,34411,0,1,0.0,2.906047484815902e-05,,reported,reported,undefined
2026-04,Lyft,217,Brooklyn,South Williamsburg,7427,0,0,0,0,7427,0,0,0.0,0.0,,reported,reported,undefined
2026-04,Lyft,218,Queens,Springfield Gardens North,13772,0,0,1,0,13773,0,1,0.0,7.260582298700355e-05,,reported,reported,undefined
2026-04,Lyft,219,Queens,Springfield Gardens South,11143,0,0,0,0,11143,0,0,0.0,0.0,,reported,reported,undefined
2026-04,Lyft,220,Bronx,Spuyten Duyvil/Kingsbridge,23477,0,0,1,0,23478,0,1,0.0,4.25930658488798e-05,,reported,reported,undefined
2026-04,Lyft,221,Staten Island,Stapleton,8960,0,0,0,0,8960,0,0,0.0,0.0,,reported,reported,undefined
2026-04,Lyft,222,Brooklyn,Starrett City,6893,0,0,4,0,6897,0,4,0.0,0.0005799623024503408,,reported,reported,undefined
2026-04,Lyft,223,Queens,Steinway,31450,1,0,0,0,31451,1,0,3.1795491399319574e-05,0.0,0.0,reported,reported,insufficient sample
2026-04,Lyft,224,Manhattan,Stuy Town/Peter Cooper Village,10634,3,0,3,0,10640,3,3,0.00028195488721804513,0.00028195488721804513,0.0,reported,reported,insufficient sample
2026-04,Lyft,225,Brooklyn,Stuyvesant Heights,45769,4,0,8,0,45781,4,8,8.737249077128066e-05,0.00017474498154256132,0.0,reported,reported,insufficient sample
2026-04,Lyft,226,Queens,Sunnyside,38981,1,0,5,0,38987,1,5,2.5649575499525484e-05,0.0001282478774976274,0.0,reported,reported,insufficient sample
2026-04,Lyft,227,Brooklyn,Sunset Park East,11854,0,0,1,0,11855,0,1,0.0,8.435259384226065e-05,,reported,reported,undefined
2026-04,Lyft,228,Brooklyn,Sunset Park West,31043,1,0,0,0,31044,1,0,3.221234377013272e-05,0.0,0.0,reported,reported,insufficient sample
2026-04,Lyft,229,Manhattan,Sutton Place/Turtle Bay North,28590,16,1,1,0,28608,17,2,0.0005942393736017897,6.991051454138702e-05,0.058823529411764705,reported,reported,insufficient sample
2026-04,Lyft,230,Manhattan,Times Sq/Theatre District,51596,50,5,22,0,51673,55,27,0.0010643856559518512,0.0005225165947399996,0.09090909090909091,reported,reported,insufficient sample
2026-04,Lyft,231,Manhattan,TriBeCa/Civic Center,56739,10,0,9,0,56758,10,9,0.00017618661686458296,0.00015856795517812467,0.0,reported,reported,insufficient sample
2026-04,Lyft,232,Manhattan,Two Bridges/Seward Park,23467,14,1,7,0,23489,15,8,0.0006385967899868024,0.00034058495465962794,0.06666666666666667,reported,reported,insufficient sample
2026-04,Lyft,233,Manhattan,UN/Turtle Bay South,26013,22,1,7,0,26043,23,8,0.0008831547824751372,0.00030718427216526516,0.043478260869565216,reported,reported,insufficient sample
2026-04,Lyft,234,Manhattan,Union Sq,48981,49,1,13,0,49044,50,14,0.0010194927004322648,0.00028545795612103415,0.02,reported,reported,insufficient sample
2026-04,Lyft,235,Bronx,University Heights/Morris Heights,24822,0,0,4,0,24826,0,4,0.0,0.0001611214049786514,,reported,reported,undefined
2026-04,Lyft,236,Manhattan,Upper East Side North,33894,9,0,5,0,33908,9,5,0.00026542408871062874,0.00014745782706146042,0.0,reported,reported,insufficient sample
2026-04,Lyft,237,Manhattan,Upper East Side South,37389,7,0,4,0,37400,7,4,0.0001871657754010695,0.000106951871657754,0.0,reported,reported,insufficient sample
2026-04,Lyft,238,Manhattan,Upper West Side North,26624,3,0,5,0,26632,3,5,0.00011264644037248422,0.0001877440672874737,0.0,reported,reported,insufficient sample
2026-04,Lyft,239,Manhattan,Upper West Side South,33517,6,0,4,0,33527,6,4,0.0001789602409997912,0.00011930682733319414,0.0,reported,reported,insufficient sample
2026-04,Lyft,240,Bronx,Van Cortlandt Park,4101,0,0,0,0,4101,0,0,0.0,0.0,,reported,reported,undefined
2026-04,Lyft,241,Bronx,Van Cortlandt Village,21051,0,0,0,0,21051,0,0,0.0,0.0,,reported,reported,undefined
2026-04,Lyft,242,Bronx,Van Nest/Morris Park,23853,0,0,0,0,23853,0,0,0.0,0.0,,reported,reported,undefined
2026-04,Lyft,243,Manhattan,Washington Heights North,32420,0,0,0,0,32420,0,0,0.0,0.0,,reported,reported,undefined
2026-04,Lyft,244,Manhattan,Washington Heights South,50471,0,0,3,0,50474,0,3,0.0,5.943654158576693e-05,,reported,reported,undefined
2026-04,Lyft,245,Staten Island,West Brighton,4689,0,0,0,0,4689,0,0,0.0,0.0,,reported,reported,undefined
2026-04,Lyft,246,Manhattan,West Chelsea/Hudson Yards,54042,99,2,15,0,54158,101,17,0.0018649137708187157,0.0003138963772665165,0.019801980198019802,reported,reported,reported
2026-04,Lyft,247,Bronx,West Concourse,35749,0,0,12,0,35761,0,12,0.0,0.000335561086099382,,reported,reported,undefined
2026-04,Lyft,248,Bronx,West Farms/Bronx River,14245,0,0,1,0,14246,0,1,0.0,7.019514249613927e-05,,reported,reported,undefined
2026-04,Lyft,249,Manhattan,West Village,45568,22,0,15,0,45605,22,15,0.0004824032452581954,0.0003289113035851332,0.0,reported,reported,insufficient sample
2026-04,Lyft,250,Bronx,Westchester Village/Unionport,15001,0,0,0,0,15001,0,0,0.0,0.0,,reported,reported,undefined
2026-04,Lyft,251,Staten Island,Westerleigh,4392,0,0,1,0,4393,0,1,0.0,0.00022763487366264513,,reported,reported,undefined
2026-04,Lyft,252,Queens,Whitestone,6717,0,0,0,0,6717,0,0,0.0,0.0,,reported,reported,undefined
2026-04,Lyft,253,Queens,Willets Point,258,0,0,0,0,258,0,0,0.0,0.0,,reported,reported,undefined
2026-04,Lyft,254,Bronx,Williamsbridge/Olinville,29846,0,0,2,0,29848,0,2,0.0,6.700616456714018e-05,,reported,reported,undefined
2026-04,Lyft,255,Brooklyn,Williamsburg (North Side),59333,75,0,27,0,59435,75,27,0.0012618827290317154,0.0004542777824514175,0.0,reported,reported,insufficient sample
2026-04,Lyft,256,Brooklyn,Williamsburg (South Side),50121,27,0,8,0,50156,27,8,0.0005383204402264933,0.00015950235265970174,0.0,reported,reported,insufficient sample
2026-04,Lyft,257,Brooklyn,Windsor Terrace,11964,0,0,0,0,11964,0,0,0.0,0.0,,reported,reported,undefined
2026-04,Lyft,258,Queens,Woodhaven,17495,0,0,0,0,17495,0,0,0.0,0.0,,reported,reported,undefined
2026-04,Lyft,259,Bronx,Woodlawn/Wakefield,21114,0,0,1,0,21115,0,1,0.0,4.735969689793985e-05,,reported,reported,undefined
2026-04,Lyft,260,Queens,Woodside,26166,0,0,3,0,26169,0,3,0.0,0.00011463945890175398,,reported,reported,undefined
2026-04,Lyft,261,Manhattan,World Trade Center,15942,7,0,3,0,15952,7,3,0.00043881644934804415,0.00018806419257773319,0.0,reported,reported,insufficient sample
2026-04,Lyft,262,Manhattan,Yorkville East,20008,6,0,5,0,20019,6,5,0.0002997152704930316,0.0002497627254108597,0.0,reported,reported,insufficient sample
2026-04,Lyft,263,Manhattan,Yorkville West,28009,3,0,2,0,28014,3,2,0.00010708931248661383,7.139287499107589e-05,0.0,reported,reported,insufficient sample
2026-04,Lyft,264,Unknown,N/A,0,0,0,0,0,0,0,0,,,,undefined,undefined,undefined
2026-04,Lyft,265,N/A,Outside of NYC,255,0,0,0,0,255,0,0,0.0,0.0,,reported,reported,undefined
2026-05,Uber,1,EWR,Newark Airport,1,0,0,0,0,1,0,0,0.0,0.0,,insufficient sample,insufficient sample,undefined
2026-05,Uber,2,Queens,Jamaica Bay,34,0,0,0,0,34,0,0,0.0,0.0,,insufficient sample,insufficient sample,undefined
2026-05,Uber,3,Bronx,Allerton/Pelham Gardens,34527,420,294,0,0,35241,714,294,0.020260492040520984,0.008342555546096876,0.4117647058823529,reported,reported,reported
2026-05,Uber,4,Manhattan,Alphabet City,39684,779,1091,0,0,41554,1870,1091,0.04500168455503682,0.026254993502430574,0.5834224598930481,reported,reported,reported
2026-05,Uber,5,Staten Island,Arden Heights,5175,7,2,0,0,5184,9,2,0.001736111111111111,0.00038580246913580245,0.2222222222222222,reported,reported,insufficient sample
2026-05,Uber,6,Staten Island,Arrochar/Fort Wadsworth,8859,94,29,0,0,8982,123,29,0.013694054776219105,0.003228679581384992,0.23577235772357724,reported,reported,reported
2026-05,Uber,7,Queens,Astoria,139429,1484,1698,0,0,142611,3182,1698,0.02231244434160058,0.011906514925216147,0.5336266499057196,reported,reported,reported
2026-05,Uber,8,Queens,Astoria Park,739,4,8,0,0,751,12,8,0.015978695073235686,0.010652463382157125,0.6666666666666666,reported,reported,insufficient sample
2026-05,Uber,9,Queens,Auburndale,14587,220,61,0,0,14868,281,61,0.01889965025558246,0.004102771051923595,0.21708185053380782,reported,reported,reported
2026-05,Uber,10,Queens,Baisley Park,49549,1001,754,0,0,51304,1755,754,0.03420785903633245,0.014696709808202089,0.42962962962962964,reported,reported,reported
2026-05,Uber,11,Brooklyn,Bath Beach,19108,258,190,0,0,19556,448,190,0.022908570259766822,0.009715688279811823,0.42410714285714285,reported,reported,reported
2026-05,Uber,12,Manhattan,Battery Park,1782,6,18,0,0,1806,24,18,0.013289036544850499,0.009966777408637873,0.75,reported,reported,insufficient sample
2026-05,Uber,13,Manhattan,Battery Park City,63695,213,150,0,0,64058,363,150,0.005666739517312436,0.0023416278997158823,0.4132231404958678,reported,reported,reported
2026-05,Uber,14,Brooklyn,Bay Ridge,86747,1119,654,0,0,88520,1773,654,0.020029371893357434,0.007388160867600542,0.3688663282571912,reported,reported,reported
2026-05,Uber,15,Queens,Bay Terrace/Fort Totten,11807,160,46,0,0,12013,206,46,0.017148089569632898,0.003829185049529676,0.22330097087378642,reported,reported,reported
2026-05,Uber,16,Queens,Bayside,33553,477,150,0,0,34180,627,150,0.01834406085430076,0.004388531304856641,0.23923444976076555,reported,reported,reported
2026-05,Uber,17,Brooklyn,Bedford,113908,1227,2654,0,0,117789,3881,2654,0.03294874733633871,0.022531815364762415,0.68384437000773,reported,reported,reported
2026-05,Uber,18,Bronx,Bedford Park,72124,625,605,0,0,73354,1230,605,0.016768001744962784,0.00824767565504267,0.491869918699187,reported,reported,reported
2026-05,Uber,19,Queens,Bellerose,14406,279,98,0,0,14783,377,98,0.02550226611648515,0.00662923628492187,0.259946949602122,reported,reported,reported
2026-05,Uber,20,Bronx,Belmont,46987,385,391,0,0,47763,776,391,0.016246885664635807,0.008186252957310052,0.5038659793814433,reported,reported,reported
2026-05,Uber,21,Brooklyn,Bensonhurst East,43136,534,381,0,0,44051,915,381,0.02077137862931602,0.008649065855485687,0.4163934426229508,reported,reported,reported
2026-05,Uber,22,Brooklyn,Bensonhurst West,57617,899,531,0,0,59047,1430,531,0.02421799583382729,0.008992836215218385,0.3713286713286713,reported,reported,reported
2026-05,Uber,23,Staten Island,Bloomfield/Emerson Hill,24881,315,40,0,0,25236,355,40,0.014067205579331114,0.0015850372483753369,0.11267605633802817,reported,reported,reported
2026-05,Uber,24,Manhattan,Bloomingdale,21204,226,298,0,0,21728,524,298,0.02411634756995582,0.013715022091310751,0.5687022900763359,reported,reported,reported
2026-05,Uber,25,Brooklyn,Boerum Hill,82406,577,1162,0,0,84145,1739,1162,0.020666706280824766,0.013809495513696595,0.6682001150086256,reported,reported,reported
2026-05,Uber,26,Brooklyn,Borough Park,76580,846,669,0,0,78095,1515,669,0.01939944938856521,0.008566489531980281,0.4415841584158416,reported,reported,reported
2026-05,Uber,27,Queens,Breezy Point/Fort Tilden/Riis Beach,1109,10,2,0,0,1121,12,2,0.010704727921498661,0.001784121320249777,0.16666666666666666,reported,reported,insufficient sample
2026-05,Uber,28,Queens,Briarwood/Jamaica Hills,39100,535,463,0,0,40098,998,463,0.024889021896353933,0.011546710559130131,0.46392785571142287,reported,reported,reported
2026-05,Uber,29,Brooklyn,Brighton Beach,33322,434,252,0,0,34008,686,252,0.020171724300164666,0.007410021171489062,0.3673469387755102,reported,reported,reported
2026-05,Uber,30,Queens,Broad Channel,1202,24,10,0,0,1236,34,10,0.02750809061488673,0.008090614886731391,0.29411764705882354,reported,reported,insufficient sample
2026-05,Uber,31,Bronx,Bronx Park,6277,43,40,0,0,6360,83,40,0.013050314465408806,0.006289308176100629,0.4819277108433735,reported,reported,insufficient sample
2026-05,Uber,32,Bronx,Bronxdale,36494,368,397,0,0,37259,765,397,0.020531952011594513,0.01065514372366408,0.5189542483660131,reported,reported,reported
2026-05,Uber,33,Brooklyn,Brooklyn Heights,70834,403,590,0,0,71827,993,590,0.013824884792626729,0.008214181296726858,0.594159113796576,reported,reported,reported
2026-05,Uber,34,Brooklyn,Brooklyn Navy Yard,13038,115,305,0,0,13458,420,305,0.03120820329915292,0.02266310001486105,0.7261904761904762,reported,reported,reported
2026-05,Uber,35,Brooklyn,Brownsville,91154,1680,3464,0,0,96298,5144,3464,0.05341751645932418,0.03597167127043137,0.6734059097978227,reported,reported,reported
2026-05,Uber,36,Brooklyn,Bushwick North,119733,1225,3654,0,0,124612,4879,3654,0.039153532565082014,0.029323018649889256,0.7489239598278336,reported,reported,reported
2026-05,Uber,37,Brooklyn,Bushwick South,165437,1884,5357,0,0,172678,7241,5357,0.041933541041707684,0.031023060262453817,0.739814942687474,reported,reported,reported
2026-05,Uber,38,Queens,Cambria Heights,18251,467,282,0,0,19000,749,282,0.03942105263157895,0.014842105263157894,0.376502002670227,reported,reported,reported
2026-05,Uber,39,Brooklyn,Canarsie,111918,2525,4477,0,0,118920,7002,4477,0.05887991927346115,0.03764715775311134,0.6393887460725507,reported,reported,reported
2026-05,Uber,40,Brooklyn,Carroll Gardens,34667,234,298,0,0,35199,532,298,0.015114065740503991,0.008466149606522913,0.5601503759398496,reported,reported,reported
2026-05,Uber,41,Manhattan,Central Harlem,89585,872,1317,0,0,91774,2189,1317,0.023852071392769195,0.014350469631921894,0.6016445865692097,reported,reported,reported
2026-05,Uber,42,Manhattan,Central Harlem North,121617,1413,1895,0,0,124925,3308,1895,0.026479887932759655,0.015169101460876525,0.5728536880290206,reported,reported,reported
2026-05,Uber,43,Manhattan,Central Park,25720,123,191,0,0,26034,314,191,0.012061150802796343,0.0073365598832296226,0.60828025477707,reported,reported,reported
2026-05,Uber,44,Staten Island,Charleston/Tottenville,8057,16,0,0,0,8073,16,0,0.0019819150253932863,0.0,0.0,reported,reported,insufficient sample
2026-05,Uber,45,Manhattan,Chinatown,38319,478,737,0,0,39534,1215,737,0.030733039915009863,0.01864218141346689,0.6065843621399177,reported,reported,reported
2026-05,Uber,46,Bronx,City Island,3648,36,17,0,0,3701,53,17,0.0143204539313699,0.0045933531477978925,0.32075471698113206,reported,reported,insufficient sample
2026-05,Uber,47,Bronx,Claremont/Bathgate,50910,556,539,0,0,52005,1095,539,0.021055667724257283,0.010364388039611577,0.4922374429223744,reported,reported,reported
2026-05,Uber,48,Manhattan,Clinton East,127345,1124,2026,0,0,130495,3150,2026,0.024138855894861873,0.015525499061266716,0.6431746031746032,reported,reported,reported
2026-05,Uber,49,Brooklyn,Clinton Hill,87779,852,1603,0,0,90234,2455,1603,0.027207039475142407,0.017764922313097058,0.6529531568228106,reported,reported,reported
2026-05,Uber,50,Manhattan,Clinton West,72224,866,989,0,0,74079,1855,989,0.02504083478448683,0.013350612184289744,0.5331536388140161,reported,reported,reported
2026-05,Uber,51,Bronx,Co-Op City,61697,837,647,0,0,63181,1484,647,0.02348807394628132,0.010240420379544483,0.4359838274932615,reported,reported,reported
2026-05,Uber,52,Brooklyn,Cobble Hill,22136,123,169,0,0,22428,292,169,0.01301943998573212,0.007535223827358659,0.5787671232876712,reported,reported,reported
2026-05,Uber,53,Queens,College Point,24621,603,218,0,0,25442,821,218,0.03226947567015172,0.008568508765034195,0.26552984165651644,reported,reported,reported
2026-05,Uber,54,Brooklyn,Columbia Street,8162,70,86,0,0,8318,156,86,0.018754508295263286,0.01033902380379899,0.5512820512820513,reported,reported,reported
2026-05,Uber,55,Brooklyn,Coney Island,44708,836,533,0,0,46077,1369,533,0.029711135707619855,0.01156759337630488,0.38933528122717315,reported,reported,reported
2026-05,Uber,56,Queens,Corona,51024,819,683,0,0,52526,1502,683,0.028595362296767315,0.013003084186878879,0.45472703062583225,reported,reported,reported
2026-05,Uber,57,Queens,Corona,4244,82,50,0,0,4376,132,50,0.03016453382084095,0.011425959780621572,0.3787878787878788,reported,reported,reported
2026-05,Uber,58,Bronx,Country Club,5660,83,45,0,0,5788,128,45,0.0221147201105736,0.007774706288873531,0.3515625,reported,reported,reported
2026-05,Uber,59,Bronx,Crotona Park,1978,17,19,0,0,2014,36,19,0.01787487586891758,0.009433962264150943,0.5277777777777778,reported,reported,insufficient sample
2026-05,Uber,60,Bronx,Crotona Park East,34974,316,315,0,0,35605,631,315,0.01772223002387305,0.008847072040443759,0.49920760697305866,reported,reported,reported
2026-05,Uber,61,Brooklyn,Crown Heights North,185603,2475,6190,0,0,194268,8665,6190,0.0446033314802232,0.031863199291700124,0.7143681477207156,reported,reported,reported
2026-05,Uber,62,Brooklyn,Crown Heights South,52251,633,1591,0,0,54475,2224,1591,0.04082606700321248,0.029206057824690226,0.7153776978417267,reported,reported,reported
2026-05,Uber,63,Brooklyn,Cypress Hills,51147,972,1397,0,0,53516,2369,1397,0.04426713506241124,0.026104342626504223,0.5897002954833263,reported,reported,reported
2026-05,Uber,64,Queens,Douglaston,11085,223,46,0,0,11354,269,46,0.02369209089307733,0.004051435617403558,0.17100371747211895,reported,reported,reported
2026-05,Uber,65,Brooklyn,Downtown Brooklyn/MetroTech,70139,717,1151,0,0,72007,1868,1151,0.025941922313108448,0.015984557056952797,0.6161670235546038,reported,reported,reported
2026-05,Uber,66,Brooklyn,DUMBO/Vinegar Hill,56576,391,597,0,0,57564,988,597,0.017163504968383016,0.01037106524911403,0.604251012145749,reported,reported,reported
2026-05,Uber,67,Brooklyn,Dyker Heights,30344,438,247,0,0,31029,685,247,0.022076122337168456,0.007960295207708917,0.3605839416058394,reported,reported,reported
2026-05,Uber,68,Manhattan,East Chelsea,153811,918,1437,0,0,156166,2355,1437,0.015080107065558445,0.009201746859111458,0.6101910828025477,reported,reported,reported
2026-05,Uber,69,Bronx,East Concourse/Concourse Village,77388,832,901,0,0,79121,1733,901,0.021903160981281835,0.011387621491133834,0.5199076745527986,reported,reported,reported
2026-05,Uber,70,Queens,East Elmhurst,36219,589,348,0,0,37156,937,348,0.02521799978469157,0.009365916675637851,0.37139807897545357,reported,reported,reported
2026-05,Uber,71,Brooklyn,East Flatbush/Farragut,64324,1125,2555,0,0,68004,3680,2555,0.05411446385506735,0.03757131933415681,0.6942934782608695,reported,reported,reported
2026-05,Uber,72,Brooklyn,East Flatbush/Remsen Village,76132,1554,3597,0,0,81283,5151,3597,0.06337118462655168,0.04425279578755705,0.6983110075713453,reported,reported,reported
2026-05,Uber,73,Queens,East Flushing,16678,369,117,0,0,17164,486,117,0.028315078070379866,0.006816592868795153,0.24074074074074073,reported,reported,reported
2026-05,Uber,74,Manhattan,East Harlem North,93482,1302,1592,0,0,96376,2894,1592,0.030028222794056612,0.016518635344899144,0.5501036627505184,reported,reported,reported
2026-05,Uber,75,Manhattan,East Harlem South,88037,1217,1665,0,0,90919,2882,1665,0.031698544858610414,0.018313003882576798,0.5777238029146426,reported,reported,reported
2026-05,Uber,76,Brooklyn,East New York,164728,3139,5196,0,0,173063,8335,5196,0.04816165211512571,0.030023748577107757,0.6233953209358128,reported,reported,reported
2026-05,Uber,77,Brooklyn,East New York/Pennsylvania Avenue,41060,741,1475,0,0,43276,2216,1475,0.05120621129494408,0.03408355670579536,0.6656137184115524,reported,reported,reported
2026-05,Uber,78,Bronx,East Tremont,67466,804,767,0,0,69037,1571,767,0.022755913495661747,0.011109984501064646,0.48822406110757477,reported,reported,reported
2026-05,Uber,79,Manhattan,East Village,177542,1333,3306,0,0,182181,4639,3306,0.02546368721216812,0.018146788084377623,0.7126535891355895,reported,reported,reported
2026-05,Uber,80,Brooklyn,East Williamsburg,108936,889,2525,0,0,112350,3414,2525,0.030387182910547397,0.022474410324877615,0.739601640304628,reported,reported,reported
2026-05,Uber,81,Bronx,Eastchester,44165,619,505,0,0,45289,1124,505,0.024818388571176225,0.011150610523526684,0.44928825622775803,reported,reported,reported
2026-05,Uber,82,Queens,Elmhurst,119836,1610,1416,0,0,122862,3026,1416,0.024629258843255033,0.011525125750842408,0.4679444811632518,reported,reported,reported
2026-05,Uber,83,Queens,Elmhurst/Maspeth,38247,436,433,0,0,39116,869,433,0.02221597300337458,0.011069639022394927,0.4982738780207135,reported,reported,reported
2026-05,Uber,84,Staten Island,Eltingville/Annadale/Prince's Bay,8491,9,1,0,0,8501,10,1,0.0011763321962122103,0.00011763321962122103,0.1,reported,reported,insufficient sample
2026-05,Uber,85,Brooklyn,Erasmus,47974,887,2180,0,0,51041,3067,2180,0.06008894810054662,0.04271076193648243,0.7107923051842191,reported,reported,reported
2026-05,Uber,86,Queens,Far Rockaway,32693,561,184,0,0,33438,745,184,0.022280040672289014,0.005502721454632454,0.24697986577181208,reported,reported,reported
2026-05,Uber,87,Manhattan,Financial District North,92237,552,777,0,0,93566,1329,777,0.014203877476861254,0.008304298569993374,0.5846501128668171,reported,reported,reported
2026-05,Uber,88,Manhattan,Financial District South,42088,247,345,0,0,42680,592,345,0.013870665417057169,0.008083411433926898,0.5827702702702703,reported,reported,reported
2026-05,Uber,89,Brooklyn,Flatbush/Ditmas Park,114688,1695,3584,0,0,119967,5279,3584,0.044003767702784934,0.02987488225928797,0.6789164614510323,reported,reported,reported
2026-05,Uber,90,Manhattan,Flatiron,95657,496,1036,0,0,97189,1532,1036,0.015763100762431963,0.010659642552140674,0.6762402088772846,reported,reported,reported
2026-05,Uber,91,Brooklyn,Flatlands,72368,1412,2763,0,0,76543,4175,2763,0.05454450439622173,0.036097357041140275,0.6617964071856287,reported,reported,reported
2026-05,Uber,92,Queens,Flushing,87783,1260,560,0,0,89603,1820,560,0.02031181991674386,0.006249790743613495,0.3076923076923077,reported,reported,reported
2026-05,Uber,93,Queens,Flushing Meadows-Corona Park,12115,71,63,0,0,12249,134,63,0.01093966854437097,0.005143277002204262,0.4701492537313433,reported,reported,reported
2026-05,Uber,94,Bronx,Fordham South,34122,314,333,0,0,34769,647,333,0.018608530587592396,0.009577497195777848,0.5146831530139103,reported,reported,reported
2026-05,Uber,95,Queens,Forest Hills,104860,1304,925,0,0,107089,2229,925,0.020814462736602264,0.008637675204736248,0.41498429789143115,reported,reported,reported
2026-05,Uber,96,Queens,Forest Park/Highland Park,2478,35,47,0,0,2560,82,47,0.03203125,0.018359375,0.573170731707317,reported,reported,insufficient sample
2026-05,Uber,97,Brooklyn,Fort Greene,97924,990,1882,0,0,100796,2872,1882,0.028493194174372,0.018671375848247948,0.6552924791086351,reported,reported,reported
2026-05,Uber,98,Queens,Fresh Meadows,14846,296,90,0,0,15232,386,90,0.02534138655462185,0.005908613445378151,0.23316062176165803,reported,reported,reported
2026-05,Uber,99,Staten Island,Freshkills Park,583,1,0,0,0,584,1,0,0.0017123287671232876,0.0,0.0,reported,reported,insufficient sample
2026-05,Uber,100,Manhattan,Garment District,77744,505,1028,0,0,79277,1533,1028,0.01933726049169368,0.012967190988559103,0.6705805609915199,reported,reported,reported
2026-05,Uber,101,Queens,Glen Oaks,15270,265,78,0,0,15613,343,78,0.021968872093768015,0.004995836802664446,0.22740524781341107,reported,reported,reported
2026-05,Uber,102,Queens,Glendale,38107,438,518,0,0,39063,956,518,0.024473286741929702,0.013260630263932621,0.5418410041841004,reported,reported,reported
2026-05,Uber,103,Manhattan,Governor's Island/Ellis Island/Liberty Island,0,0,0,0,0,0,0,0,,,,undefined,undefined,undefined
2026-05,Uber,104,Manhattan,Governor's Island/Ellis Island/Liberty Island,0,0,0,0,0,0,0,0,,,,undefined,undefined,undefined
2026-05,Uber,105,Manhattan,Governor's Island/Ellis Island/Liberty Island,0,0,0,0,0,0,0,0,,,,undefined,undefined,undefined
2026-05,Uber,106,Brooklyn,Gowanus,32265,263,551,0,0,33079,814,551,0.0246077571873394,0.01665709362435382,0.6769041769041769,reported,reported,reported
2026-05,Uber,107,Manhattan,Gramercy,103484,606,1108,0,0,105198,1714,1108,0.0162930854198749,0.010532519629650754,0.646441073512252,reported,reported,reported
2026-05,Uber,108,Brooklyn,Gravesend,23957,352,248,0,0,24557,600,248,0.024432951907806328,0.010098953455226616,0.41333333333333333,reported,reported,reported
2026-05,Uber,109,Staten Island,Great Kills,11644,47,7,0,0,11698,54,7,0.004616173704906822,0.0005983928876731065,0.12962962962962962,reported,reported,insufficient sample
2026-05,Uber,110,Staten Island,Great Kills Park,59,0,0,0,0,59,0,0,0.0,0.0,,insufficient sample,insufficient sample,undefined
2026-05,Uber,111,Brooklyn,Green-Wood Cemetery,770,6,7,0,0,783,13,7,0.016602809706257982,0.008939974457215836,0.5384615384615384,reported,reported,insufficient sample
2026-05,Uber,112,Brooklyn,Greenpoint,140244,1210,1943,0,0,143397,3153,1943,0.02198790769681374,0.013549795323472598,0.6162385030130035,reported,reported,reported
2026-05,Uber,113,Manhattan,Greenwich Village North,83085,402,822,0,0,84309,1224,822,0.014518022986869729,0.009749848770593888,0.6715686274509803,reported,reported,reported
2026-05,Uber,114,Manhattan,Greenwich Village South,86647,457,1155,0,0,88259,1612,1155,0.018264426290803205,0.01308648409793902,0.716501240694789,reported,reported,reported
2026-05,Uber,115,Staten Island,Grymes Hill/Clifton,12663,219,43,0,0,12925,262,43,0.020270793036750483,0.0033268858800773694,0.16412213740458015,reported,reported,reported
2026-05,Uber,116,Manhattan,Hamilton Heights,64701,689,836,0,0,66226,1525,836,0.0230272098571558,0.012623440944644097,0.5481967213114755,reported,reported,reported
2026-05,Uber,117,Queens,Hammels/Arverne,25357,633,194,0,0,26184,827,194,0.031584173541093795,0.007409104796822487,0.23458282950423218,reported,reported,reported
2026-05,Uber,118,Staten Island,Heartland Village/Todt Hill,16499,140,36,0,0,16675,176,36,0.01055472263868066,0.002158920539730135,0.20454545454545456,reported,reported,reported
2026-05,Uber,119,Bronx,Highbridge,50305,626,692,0,0,51623,1318,692,0.025531255448152955,0.013404877670805648,0.5250379362670713,reported,reported,reported
2026-05,Uber,120,Manhattan,Highbridge Park,1578,14,12,0,0,1604,26,12,0.016209476309226933,0.007481296758104738,0.46153846153846156,reported,reported,insufficient sample
2026-05,Uber,121,Queens,Hillcrest/Pomonok,33182,493,320,0,0,33995,813,320,0.02391528165906751,0.009413148992498897,0.3936039360393604,reported,reported,reported
2026-05,Uber,122,Queens,Hollis,18969,439,346,0,0,19754,785,346,0.0397387870810975,0.01751543991090412,0.4407643312101911,reported,reported,reported
2026-05,Uber,123,Brooklyn,Homecrest,48055,481,341,0,0,48877,822,341,0.01681772612885406,0.006976696605765493,0.4148418491484185,reported,reported,reported
2026-05,Uber,124,Queens,Howard Beach,23725,529,292,0,0,24546,821,292,0.033447404872484314,0.011896031940030962,0.3556638246041413,reported,reported,reported
2026-05,Uber,125,Manhattan,Hudson Sq,53848,215,339,0,0,54402,554,339,0.010183449137899342,0.006231388551891474,0.6119133574007221,reported,reported,reported
2026-05,Uber,126,Bronx,Hunts Point,46455,548,522,0,0,47525,1070,522,0.022514466070489215,0.010983692793266702,0.48785046728971965,reported,reported,reported
2026-05,Uber,127,Manhattan,Inwood,59241,513,559,0,0,60313,1072,559,0.017773945915474276,0.009268316946595261,0.5214552238805971,reported,reported,reported
2026-05,Uber,128,Manhattan,Inwood Hill Park,4156,43,40,0,0,4239,83,40,0.01958008964378391,0.009436187780136825,0.4819277108433735,reported,reported,insufficient sample
2026-05,Uber,129,Queens,Jackson Heights,122945,1587,1354,0,0,125886,2941,1354,0.023362407257359833,0.010755763150787221,0.46038762325739546,reported,reported,reported
2026-05,Uber,130,Queens,Jamaica,117434,2133,2041,0,0,121608,4174,2041,0.034323399776330504,0.01678343530030919,0.48897939626257786,reported,reported,reported
2026-05,Uber,131,Queens,Jamaica Estates,24339,372,212,0,0,24923,584,212,0.023432171086947798,0.008506199093207078,0.363013698630137,reported,reported,reported
2026-05,Uber,132,Queens,JFK Airport,249066,5909,5458,0,0,260433,11367,5458,0.0436465424888551,0.020957405551523808,0.4801618720858626,reported,reported,reported
2026-05,Uber,133,Brooklyn,Kensington,27091,297,420,0,0,27808,717,420,0.025783947065592634,0.015103567318757193,0.5857740585774058,reported,reported,reported
2026-05,Uber,134,Queens,Kew Gardens,35281,399,297,0,0,35977,696,297,0.01934569308169108,0.008255274202963004,0.4267241379310345,reported,reported,reported
2026-05,Uber,135,Queens,Kew Gardens Hills,27895,405,247,0,0,28547,652,247,0.02283952779626581,0.008652397800119102,0.37883435582822084,reported,reported,reported
2026-05,Uber,136,Bronx,Kingsbridge Heights,40134,399,460,0,0,40993,859,460,0.020954797160490816,0.01122142804869124,0.5355064027939465,reported,reported,reported
2026-05,Uber,137,Manhattan,Kips Bay,74399,1014,1493,0,0,76906,2507,1493,0.032598236808571504,0.01941330975476556,0.5955325089748703,reported,reported,reported
2026-05,Uber,138,Queens,LaGuardia Airport,283000,3872,8033,0,0,294905,11905,8033,0.040368932368050725,0.0272392804462454,0.6747585048299034,reported,reported,reported
2026-05,Uber,139,Queens,Laurelton,30558,713,424,0,0,31695,1137,424,0.035873166114529106,0.013377504338223694,0.3729111697449428,reported,reported,reported
2026-05,Uber,140,Manhattan,Lenox Hill East,74841,1287,1643,0,0,77771,2930,1643,0.03767471165344408,0.021126126705327177,0.5607508532423208,reported,reported,reported
2026-05,Uber,141,Manhattan,Lenox Hill West,92360,848,1072,0,0,94280,1920,1072,0.020364870598218072,0.01137038608400509,0.5583333333333333,reported,reported,reported
2026-05,Uber,142,Manhattan,Lincoln Square East,99867,760,1146,0,0,101773,1906,1146,0.018727953386458097,0.011260353924911322,0.6012591815320042,reported,reported,reported
2026-05,Uber,143,Manhattan,Lincoln Square West,67740,859,778,0,0,69377,1637,778,0.02359571615953414,0.011214091125300892,0.4752596212583995,reported,reported,reported
2026-05,Uber,144,Manhattan,Little Italy/NoLiTa,104111,496,1087,0,0,105694,1583,1087,0.01497719832724658,0.01028440592654266,0.6866708780795957,reported,reported,reported
2026-05,Uber,145,Queens,Long Island City/Hunters Point,136656,1317,1816,0,0,139789,3133,1816,0.022412350041848786,0.012991007876156207,0.5796361315033515,reported,reported,reported
2026-05,Uber,146,Queens,Long Island City/Queens Plaza,39023,358,513,0,0,39894,871,513,0.021832857071238783,0.012859076552865093,0.5889781859931114,reported,reported,reported
2026-05,Uber,147,Bronx,Longwood,31289,325,381,0,0,31995,706,381,0.02206594780434443,0.011908110642287858,0.5396600566572238,reported,reported,reported
2026-05,Uber,148,Manhattan,Lower East Side,152510,1108,3510,0,0,157128,4618,3510,0.029390051423043632,0.022338475637696656,0.7600692940666955,reported,reported,reported
2026-05,Uber,149,Brooklyn,Madison,38912,525,361,0,0,39798,886,361,0.022262425247499874,0.009070807578270265,0.4074492099322799,reported,reported,reported
2026-05,Uber,150,Brooklyn,Manhattan Beach,17407,256,160,0,0,17823,416,160,0.023340627279358133,0.008977164338214666,0.38461538461538464,reported,reported,reported
2026-05,Uber,151,Manhattan,Manhattan Valley,41542,522,750,0,0,42814,1272,750,0.029709907974027186,0.017517634418648106,0.589622641509434,reported,reported,reported
2026-05,Uber,152,Manhattan,Manhattanville,32361,334,469,0,0,33164,803,469,0.024213002050416113,0.01414184054999397,0.5840597758405978,reported,reported,reported
2026-05,Uber,153,Manhattan,Marble Hill,14361,111,92,0,0,14564,203,92,0.013938478439989015,0.006316945893985169,0.45320197044334976,reported,reported,reported
2026-05,Uber,154,Brooklyn,Marine Park/Floyd Bennett Field,1504,15,17,0,0,1536,32,17,0.020833333333333332,0.011067708333333334,0.53125,reported,reported,insufficient sample
2026-05,Uber,155,Brooklyn,Marine Park/Mill Basin,42094,673,910,0,0,43677,1583,910,0.036243331730659155,0.02083476429241935,0.574857864813645,reported,reported,reported
2026-05,Uber,156,Staten Island,Mariners Harbor,21308,227,52,0,0,21587,279,52,0.012924445267985361,0.00240885718256358,0.1863799283154122,reported,reported,reported
2026-05,Uber,157,Queens,Maspeth,51549,645,888,0,0,53082,1533,888,0.02887984627557364,0.016728834633208997,0.5792563600782779,reported,reported,reported
2026-05,Uber,158,Manhattan,Meatpacking/West Village West,86456,363,564,0,0,87383,927,564,0.010608470755181214,0.006454344666582745,0.6084142394822006,reported,reported,reported
2026-05,Uber,159,Bronx,Melrose South,68699,742,827,0,0,70268,1569,827,0.022328798315022484,0.011769226390391074,0.5270873167622689,reported,reported,reported
2026-05,Uber,160,Queens,Middle Village,34632,500,438,0,0,35570,938,438,0.0263705369693562,0.01231374754006185,0.4669509594882729,reported,reported,reported
2026-05,Uber,161,Manhattan,Midtown Center,190316,538,669,0,0,191523,1207,669,0.006302115150660756,0.0034930530536802368,0.5542667771333886,reported,reported,reported
2026-05,Uber,162,Manhattan,Midtown East,121971,571,708,0,0,123250,1279,708,0.010377281947261664,0.005744421906693712,0.5535574667709148,reported,reported,reported
2026-05,Uber,163,Manhattan,Midtown North,127179,376,606,0,0,128161,982,606,0.007662237342093149,0.00472842752475402,0.6171079429735234,reported,reported,reported
2026-05,Uber,164,Manhattan,Midtown South,148199,763,1445,0,0,150407,2208,1445,0.014680167811338568,0.009607265619286336,0.6544384057971014,reported,reported,reported
2026-05,Uber,165,Brooklyn,Midwood,47301,496,566,0,0,48363,1062,566,0.02195893554990385,0.0117031615077642,0.5329566854990584,reported,reported,reported
2026-05,Uber,166,Manhattan,Morningside Heights,70346,611,943,0,0,71900,1554,943,0.021613351877607788,0.013115438108484005,0.6068211068211068,reported,reported,reported
2026-05,Uber,167,Bronx,Morrisania/Melrose,56485,600,653,0,0,57738,1253,653,0.02170147909522325,0.01130970937684021,0.5211492418196328,reported,reported,reported
2026-05,Uber,168,Bronx,Mott Haven/Port Morris,97598,1102,1372,0,0,100072,2474,1372,0.024722200015988488,0.013710128707330722,0.5545675020210186,reported,reported,reported
2026-05,Uber,169,Bronx,Mount Hope,74347,753,683,0,0,75783,1436,683,0.01894884076903791,0.009012575379702572,0.4756267409470752,reported,reported,reported
2026-05,Uber,170,Manhattan,Murray Hill,127304,813,1031,0,0,129148,1844,1031,0.014278192461362159,0.007983089169015392,0.5591106290672451,reported,reported,reported
2026-05,Uber,171,Queens,Murray Hill-Queens,32976,544,212,0,0,33732,756,212,0.022411953041622197,0.0062848333926242145,0.2804232804232804,reported,reported,reported
2026-05,Uber,172,Staten Island,New Dorp/Midland Beach,10510,102,19,0,0,10631,121,19,0.01138180792023328,0.001787226037061424,0.15702479338842976,reported,reported,reported
2026-05,Uber,173,Queens,North Corona,44630,752,566,0,0,45948,1318,566,0.028684599982589015,0.012318272830155828,0.4294385432473445,reported,reported,reported
2026-05,Uber,174,Bronx,Norwood,65355,627,563,0,0,66545,1190,563,0.017882635810353896,0.008460440303553985,0.473109243697479,reported,reported,reported
2026-05,Uber,175,Queens,Oakland Gardens,12497,242,61,0,0,12800,303,61,0.023671875,0.004765625,0.20132013201320131,reported,reported,reported
2026-05,Uber,176,Staten Island,Oakwood,5444,38,6,0,0,5488,44,6,0.008017492711370262,0.0010932944606413995,0.13636363636363635,reported,reported,insufficient sample
2026-05,Uber,177,Brooklyn,Ocean Hill,64951,1129,2705,0,0,68785,3834,2705,0.05573889656175038,0.03932543432434397,0.7055294731351069,reported,reported,reported
2026-05,Uber,178,Brooklyn,Ocean Parkway South,16145,202,151,0,0,16498,353,151,0.021396532913080375,0.009152624560552795,0.42776203966005666,reported,reported,reported
2026-05,Uber,179,Queens,Old Astoria,50585,583,492,0,0,51660,1075,492,0.0208091366627952,0.009523809523809525,0.4576744186046512,reported,reported,reported
2026-05,Uber,180,Queens,Ozone Park,26747,553,368,0,0,27668,921,368,0.03328755240711291,0.013300563828249241,0.3995656894679696,reported,reported,reported
2026-05,Uber,181,Brooklyn,Park Slope,127643,818,1791,0,0,130252,2609,1791,0.02003040260418266,0.013750268709885452,0.6864699118436183,reported,reported,reported
2026-05,Uber,182,Bronx,Parkchester,40394,517,484,0,0,41395,1001,484,0.02418166445222853,0.011692233361517092,0.4835164835164835,reported,reported,reported
2026-05,Uber,183,Bronx,Pelham Bay,20928,267,183,0,0,21378,450,183,0.021049677238282348,0.008560202076901488,0.4066666666666667,reported,reported,reported
2026-05,Uber,184,Bronx,Pelham Bay Park,4186,57,19,0,0,4262,76,19,0.017832003754106054,0.004458000938526514,0.25,reported,reported,insufficient sample
2026-05,Uber,185,Bronx,Pelham Parkway,47384,548,357,0,0,48289,905,357,0.0187413282528112,0.007392988051108948,0.39447513812154694,reported,reported,reported
2026-05,Uber,186,Manhattan,Penn Station/Madison Sq West,85387,542,973,0,0,86902,1515,973,0.0174334307610872,0.011196520218176798,0.6422442244224422,reported,reported,reported
2026-05,Uber,187,Staten Island,Port Richmond,12113,121,26,0,0,12260,147,26,0.01199021207177814,0.0021207177814029365,0.17687074829931973,reported,reported,reported
2026-05,Uber,188,Brooklyn,Prospect-Lefferts Gardens,111279,1555,4003,0,0,116837,5558,4003,0.047570547001377986,0.03426140691732927,0.7202231018351926,reported,reported,reported
2026-05,Uber,189,Brooklyn,Prospect Heights,51167,415,972,0,0,52554,1387,972,0.02639190166305134,0.018495262016211895,0.7007930785868781,reported,reported,reported
2026-05,Uber,190,Brooklyn,Prospect Park,9892,74,163,0,0,10129,237,163,0.02339816368841939,0.016092407937604896,0.6877637130801688,reported,reported,reported
2026-05,Uber,191,Queens,Queens Village,44992,1052,483,0,0,46527,1535,483,0.032991596277430306,0.010381069056676769,0.31465798045602605,reported,reported,reported
2026-05,Uber,192,Queens,Queensboro Hill,20796,372,181,0,0,21349,553,181,0.025902852592627288,0.008478148859431356,0.32730560578661844,reported,reported,reported
2026-05,Uber,193,Queens,Queensbridge/Ravenswood,26787,334,368,0,0,27489,702,368,0.02553748772236167,0.013387173051038597,0.5242165242165242,reported,reported,reported
2026-05,Uber,194,Manhattan,Randalls Island,3417,23,17,0,0,3457,40,17,0.011570726063060458,0.004917558576800694,0.425,reported,reported,insufficient sample
2026-05,Uber,195,Brooklyn,Red Hook,29676,336,391,0,0,30403,727,391,0.023912113936124725,0.01286057296977272,0.5378266850068776,reported,reported,reported
2026-05,Uber,196,Queens,Rego Park,39813,486,368,0,0,40667,854,368,0.02099982787026336,0.009049106154867584,0.4309133489461358,reported,reported,reported
2026-05,Uber,197,Queens,Richmond Hill,67950,949,665,0,0,69564,1614,665,0.023201656028980507,0.00955954229199011,0.41201982651796776,reported,reported,reported
2026-05,Uber,198,Queens,Ridgewood,97738,1161,2025,0,0,100924,3186,2025,0.03156830882644366,0.020064603067654868,0.635593220338983,reported,reported,reported
2026-05,Uber,199,Bronx,Rikers Island,0,0,0,0,0,0,0,0,,,,undefined,undefined,undefined
2026-05,Uber,200,Bronx,Riverdale/North Riverdale/Fieldston,34053,421,256,0,0,34730,677,256,0.019493233515692484,0.0073711488626547654,0.37813884785819796,reported,reported,reported
2026-05,Uber,201,Queens,Rockaway Park,12529,160,34,0,0,12723,194,34,0.015247976106264246,0.00267232570934528,0.17525773195876287,reported,reported,reported
2026-05,Uber,202,Manhattan,Roosevelt Island,9465,142,113,0,0,9720,255,113,0.026234567901234566,0.011625514403292181,0.44313725490196076,reported,reported,reported
2026-05,Uber,203,Queens,Rosedale,28371,777,383,0,0,29531,1160,383,0.039280755815922254,0.012969421963360537,0.33017241379310347,reported,reported,reported
2026-05,Uber,204,Staten Island,Rossville/Woodrow,4834,3,0,0,0,4837,3,0,0.0006202191440975812,0.0,0.0,reported,reported,insufficient sample
2026-05,Uber,205,Queens,Saint Albans,59685,1409,1120,0,0,62214,2529,1120,0.04065001446619732,0.018002378885781337,0.44286279161724,reported,reported,reported
2026-05,Uber,206,Staten Island,Saint George/New Brighton,33103,411,86,0,0,33600,497,86,0.014791666666666667,0.0025595238095238097,0.17303822937625754,reported,reported,reported
2026-05,Uber,207,Queens,Saint Michaels Cemetery/Woodside,774,15,6,0,0,795,21,6,0.026415094339622643,0.007547169811320755,0.2857142857142857,reported,reported,insufficient sample
2026-05,Uber,208,Bronx,Schuylerville/Edgewater Park,51723,776,466,0,0,52965,1242,466,0.02344944774851317,0.008798263003870481,0.3752012882447665,reported,reported,reported
2026-05,Uber,209,Manhattan,Seaport,32139,226,339,0,0,32704,565,339,0.017276174168297458,0.010365704500978474,0.6,reported,reported,reported
2026-05,Uber,210,Brooklyn,Sheepshead Bay,51685,769,580,0,0,53034,1349,580,0.025436512425990872,0.010936380435192518,0.429948109710897,reported,reported,reported
2026-05,Uber,211,Manhattan,SoHo,85480,290,552,0,0,86322,842,552,0.009754176223905842,0.006394661847501216,0.6555819477434679,reported,reported,reported
2026-05,Uber,212,Bronx,Soundview/Bruckner,43448,565,539,0,0,44552,1104,539,0.02478003232178129,0.01209822230202909,0.4882246376811594,reported,reported,reported
2026-05,Uber,213,Bronx,Soundview/Castle Hill,71448,1213,887,0,0,73548,2100,887,0.028552781856746614,0.012060151193778212,0.42238095238095236,reported,reported,reported
2026-05,Uber,214,Staten Island,South Beach/Dongan Hills,13252,131,32,0,0,13415,163,32,0.01215057771151696,0.0023853894893775623,0.19631901840490798,reported,reported,reported
2026-05,Uber,215,Queens,South Jamaica,44937,810,797,0,0,46544,1607,797,0.034526469577174285,0.017123581986937093,0.49595519601742377,reported,reported,reported
2026-05,Uber,216,Queens,South Ozone Park,99716,2073,1305,0,0,103094,3378,1305,0.03276621335868237,0.01265835063146255,0.38632326820603907,reported,reported,reported
2026-05,Uber,217,Brooklyn,South Williamsburg,25399,223,297,0,0,25919,520,297,0.020062502411358464,0.011458775415718199,0.5711538461538461,reported,reported,reported
2026-05,Uber,218,Queens,Springfield Gardens North,29930,787,526,0,0,31243,1313,526,0.04202541369266716,0.016835771212751656,0.4006092916984006,reported,reported,reported
2026-05,Uber,219,Queens,Springfield Gardens South,24872,750,400,0,0,26022,1150,400,0.04419337483667666,0.015371608638844054,0.34782608695652173,reported,reported,reported
2026-05,Uber,220,Bronx,Spuyten Duyvil/Kingsbridge,55380,632,389,0,0,56401,1021,389,0.018102515912838426,0.0068970408326093505,0.3809990205680705,reported,reported,reported
2026-05,Uber,221,Staten Island,Stapleton,21838,261,71,0,0,22170,332,71,0.014975191700496167,0.0032025259359494814,0.21385542168674698,reported,reported,reported
2026-05,Uber,222,Brooklyn,Starrett City,19114,382,581,0,0,20077,963,581,0.0479653334661553,0.028938586442197538,0.6033229491173416,reported,reported,reported
2026-05,Uber,223,Queens,Steinway,70708,734,614,0,0,72056,1348,614,0.01870767181081381,0.00852115021649828,0.45548961424332346,reported,reported,reported
2026-05,Uber,224,Manhattan,Stuy Town/Peter Cooper Village,27645,385,382,0,0,28412,767,382,0.026995635646909755,0.013445023229621286,0.4980443285528031,reported,reported,reported
2026-05,Uber,225,Brooklyn,Stuyvesant Heights,114629,1252,3728,0,0,119609,4980,3728,0.04163566286817882,0.031168223127022214,0.7485943775100402,reported,reported,reported
2026-05,Uber,226,Queens,Sunnyside,93044,1254,1419,0,0,95717,2673,1419,0.027926073738207425,0.014824952725221226,0.5308641975308642,reported,reported,reported
2026-05,Uber,227,Brooklyn,Sunset Park East,40005,566,498,0,0,41069,1064,498,0.02590761888529061,0.012125934403077748,0.4680451127819549,reported,reported,reported
2026-05,Uber,228,Brooklyn,Sunset Park West,77428,997,1205,0,0,79630,2202,1205,0.02765289463769936,0.015132487755870902,0.5472297910990009,reported,reported,reported
2026-05,Uber,229,Manhattan,Sutton Place/Turtle Bay North,80752,527,746,0,0,82025,1273,746,0.015519658640658336,0.009094788174337093,0.5860172820109977,reported,reported,reported
2026-05,Uber,230,Manhattan,Times Sq/Theatre District,184198,636,1319,0,0,186153,1955,1319,0.010502113852583627,0.0070855693972162685,0.6746803069053708,reported,reported,reported
2026-05,Uber,231,Manhattan,TriBeCa/Civic Center,166313,709,1042,0,0,168064,1751,1042,0.010418650038080731,0.006200019040365575,0.5950885208452313,reported,reported,reported
2026-05,Uber,232,Manhattan,Two Bridges/Seward Park,61093,1266,1509,0,0,63868,2775,1509,0.0434489885388614,0.02362685538924031,0.5437837837837838,reported,reported,reported
2026-05,Uber,233,Manhattan,UN/Turtle Bay South,75453,497,556,0,0,76506,1053,556,0.01376362638224453,0.007267403863749249,0.5280151946818613,reported,reported,reported
2026-05,Uber,234,Manhattan,Union Sq,153256,613,1239,0,0,155108,1852,1239,0.011940067565825102,0.007987982566985585,0.6690064794816415,reported,reported,reported
2026-05,Uber,235,Bronx,University Heights/Morris Heights,65395,672,688,0,0,66755,1360,688,0.02037300576735825,0.01030634409407535,0.5058823529411764,reported,reported,reported
2026-05,Uber,236,Manhattan,Upper East Side North,110798,825,957,0,0,112580,1782,957,0.015828744004263633,0.008500621780067507,0.5370370370370371,reported,reported,reported
2026-05,Uber,237,Manhattan,Upper East Side South,137804,718,958,0,0,139480,1676,958,0.01201605965012905,0.006868368224835102,0.5715990453460621,reported,reported,reported
2026-05,Uber,238,Manhattan,Upper West Side North,73749,1057,1237,0,0,76043,2294,1237,0.030167142274765593,0.016267112028720592,0.539232781168265,reported,reported,reported
2026-05,Uber,239,Manhattan,Upper West Side South,89788,824,979,0,0,91591,1803,979,0.019685340262689567,0.010688823137644528,0.5429839156960621,reported,reported,reported
2026-05,Uber,240,Bronx,Van Cortlandt Park,11575,136,96,0,0,11807,232,96,0.019649360548826968,0.008130769882273228,0.41379310344827586,reported,reported,reported
2026-05,Uber,241,Bronx,Van Cortlandt Village,58789,564,502,0,0,59855,1066,502,0.01780970679141258,0.00838693509314176,0.4709193245778612,reported,reported,reported
2026-05,Uber,242,Bronx,Van Nest/Morris Park,57717,751,519,0,0,58987,1270,519,0.021530167664061572,0.008798548832793667,0.4086614173228346,reported,reported,reported
2026-05,Uber,243,Manhattan,Washington Heights North,82026,839,737,0,0,83602,1576,737,0.018851223654936484,0.008815578574675248,0.4676395939086294,reported,reported,reported
2026-05,Uber,244,Manhattan,Washington Heights South,107844,1029,1098,0,0,109971,2127,1098,0.01934146274927026,0.00998445044602668,0.5162200282087447,reported,reported,reported
2026-05,Uber,245,Staten Island,West Brighton,13239,125,33,0,0,13397,158,33,0.01179368515339255,0.0024632380383667984,0.2088607594936709,reported,reported,reported
2026-05,Uber,246,Manhattan,West Chelsea/Hudson Yards,162153,807,1150,0,0,164110,1957,1150,0.011924928401681799,0.007007494972884041,0.5876341338783853,reported,reported,reported
2026-05,Uber,247,Bronx,West Concourse,78728,683,624,0,0,80035,1307,624,0.0163303554694821,0.0077965889923158616,0.4774292272379495,reported,reported,reported
2026-05,Uber,248,Bronx,West Farms/Bronx River,39208,472,467,0,0,40147,939,467,0.02338904525867437,0.011632251475826338,0.49733759318423854,reported,reported,reported
2026-05,Uber,249,Manhattan,West Village,130020,596,1543,0,0,132159,2139,1543,0.016185049826345537,0.0116753304731422,0.7213651238896681,reported,reported,reported
2026-05,Uber,250,Bronx,Westchester Village/Unionport,38192,504,398,0,0,39094,902,398,0.023072594259988744,0.01018059037192408,0.44124168514412415,reported,reported,reported
2026-05,Uber,251,Staten Island,Westerleigh,13596,108,31,0,0,13735,139,31,0.010120131052056789,0.0022570076447033125,0.22302158273381295,reported,reported,reported
2026-05,Uber,252,Queens,Whitestone,21099,452,117,0,0,21668,569,117,0.026259922466309767,0.005399667712756138,0.2056239015817223,reported,reported,reported
2026-05,Uber,253,Queens,Willets Point,722,5,1,0,0,728,6,1,0.008241758241758242,0.0013736263736263737,0.16666666666666666,reported,reported,insufficient sample
2026-05,Uber,254,Bronx,Williamsbridge/Olinville,74634,1183,989,0,0,76806,2172,989,0.028279040699945315,0.012876598182433663,0.4553406998158379,reported,reported,reported
2026-05,Uber,255,Brooklyn,Williamsburg (North Side),146825,858,2277,0,0,149960,3135,2277,0.020905574819951988,0.015184049079754602,0.7263157894736842,reported,reported,reported
2026-05,Uber,256,Brooklyn,Williamsburg (South Side),123034,903,2066,0,0,126003,2969,2066,0.02356293104132441,0.01639643500551574,0.6958571909733917,reported,reported,reported
2026-05,Uber,257,Brooklyn,Windsor Terrace,20654,148,238,0,0,21040,386,238,0.018346007604562738,0.011311787072243345,0.616580310880829,reported,reported,reported
2026-05,Uber,258,Queens,Woodhaven,49620,1052,852,0,0,51524,1904,852,0.03695365266671842,0.016535983231115596,0.4474789915966387,reported,reported,reported
2026-05,Uber,259,Bronx,Woodlawn/Wakefield,52891,842,573,0,0,54306,1415,573,0.02605605273818731,0.010551320296099878,0.4049469964664311,reported,reported,reported
2026-05,Uber,260,Queens,Woodside,69883,741,838,0,0,71462,1579,838,0.02209565923147967,0.011726511992387563,0.5307156428119063,reported,reported,reported
2026-05,Uber,261,Manhattan,World Trade Center,53925,240,301,0,0,54466,541,301,0.009932802115080968,0.005526383431865751,0.55637707948244,reported,reported,reported
2026-05,Uber,262,Manhattan,Yorkville East,47817,754,717,0,0,49288,1471,717,0.02984499269599091,0.014547151436455122,0.4874235214140041,reported,reported,reported
2026-05,Uber,263,Manhattan,Yorkville West,74466,1082,1192,0,0,76740,2274,1192,0.029632525410476934,0.015532968464946572,0.5241864555848724,reported,reported,reported
2026-05,Uber,264,Unknown,N/A,0,0,0,0,0,0,0,0,,,,undefined,undefined,undefined
2026-05,Uber,265,N/A,Outside of NYC,802,8,4,0,0,814,12,4,0.014742014742014743,0.004914004914004914,0.3333333333333333,reported,reported,insufficient sample
2026-05,Lyft,1,EWR,Newark Airport,0,0,0,0,0,0,0,0,,,,undefined,undefined,undefined
2026-05,Lyft,2,Queens,Jamaica Bay,21,0,0,0,0,21,0,0,0.0,0.0,,insufficient sample,insufficient sample,undefined
2026-05,Lyft,3,Bronx,Allerton/Pelham Gardens,17427,0,0,0,0,17427,0,0,0.0,0.0,,reported,reported,undefined
2026-05,Lyft,4,Manhattan,Alphabet City,15934,11,0,5,0,15950,11,5,0.000689655172413793,0.00031347962382445143,0.0,reported,reported,insufficient sample
2026-05,Lyft,5,Staten Island,Arden Heights,1753,0,0,0,0,1753,0,0,0.0,0.0,,reported,reported,undefined
2026-05,Lyft,6,Staten Island,Arrochar/Fort Wadsworth,4274,3,0,0,0,4277,3,0,0.0007014262333411269,0.0,0.0,reported,reported,insufficient sample
2026-05,Lyft,7,Queens,Astoria,72072,8,0,1,0,72081,8,1,0.00011098625157808577,1.3873281447260721e-05,0.0,reported,reported,insufficient sample
2026-05,Lyft,8,Queens,Astoria Park,387,0,0,0,0,387,0,0,0.0,0.0,,reported,reported,undefined
2026-05,Lyft,9,Queens,Auburndale,6236,0,0,1,0,6237,0,1,0.0,0.000160333493666827,,reported,reported,undefined
2026-05,Lyft,10,Queens,Baisley Park,25456,0,0,4,0,25460,0,4,0.0,0.00015710919088766692,,reported,reported,undefined
2026-05,Lyft,11,Brooklyn,Bath Beach,7581,0,0,0,0,7581,0,0,0.0,0.0,,reported,reported,undefined
2026-05,Lyft,12,Manhattan,Battery Park,741,1,0,0,0,742,1,0,0.0013477088948787063,0.0,0.0,reported,reported,insufficient sample
2026-05,Lyft,13,Manhattan,Battery Park City,23064,9,0,13,0,23086,9,13,0.00038984666031361,0.0005631118426752144,0.0,reported,reported,insufficient sample
2026-05,Lyft,14,Brooklyn,Bay Ridge,39455,0,0,2,0,39457,0,2,0.0,5.068809083305877e-05,,reported,reported,undefined
2026-05,Lyft,15,Queens,Bay Terrace/Fort Totten,4930,0,0,1,0,4931,0,1,0.0,0.00020279862096937742,,reported,reported,undefined
2026-05,Lyft,16,Queens,Bayside,14246,0,0,1,0,14247,0,1,0.0,7.019021548396153e-05,,reported,reported,undefined
2026-05,Lyft,17,Brooklyn,Bedford,54781,9,0,6,0,54796,9,6,0.000164245565369735,0.00010949704357982334,0.0,reported,reported,insufficient sample
2026-05,Lyft,18,Bronx,Bedford Park,32861,0,0,3,0,32864,0,3,0.0,9.128529698149951e-05,,reported,reported,undefined
2026-05,Lyft,19,Queens,Bellerose,6295,0,0,1,0,6296,0,1,0.0,0.0001588310038119441,,reported,reported,undefined
2026-05,Lyft,20,Bronx,Belmont,21591,0,0,3,0,21594,0,3,0.0,0.0001389274798555154,,reported,reported,undefined
2026-05,Lyft,21,Brooklyn,Bensonhurst East,17438,0,0,0,0,17438,0,0,0.0,0.0,,reported,reported,undefined
2026-05,Lyft,22,Brooklyn,Bensonhurst West,22731,2,0,0,0,22733,2,0,8.797782958694409e-05,0.0,0.0,reported,reported,insufficient sample
2026-05,Lyft,23,Staten Island,Bloomfield/Emerson Hill,10469,0,0,1,0,10470,0,1,0.0,9.551098376313276e-05,,reported,reported,undefined
2026-05,Lyft,24,Manhattan,Bloomingdale,9436,4,0,2,0,9442,4,2,0.00042363905952128787,0.00021181952976064393,0.0,reported,reported,insufficient sample
2026-05,Lyft,25,Brooklyn,Boerum Hill,44066,9,0,11,0,44086,9,11,0.00020414644104704442,0.0002495123168352765,0.0,reported,reported,insufficient sample
2026-05,Lyft,26,Brooklyn,Borough Park,29788,0,0,2,0,29790,0,2,0.0,6.71366230278617e-05,,reported,reported,undefined
2026-05,Lyft,27,Queens,Breezy Point/Fort Tilden/Riis Beach,394,0,0,2,0,396,0,2,0.0,0.005050505050505051,,reported,reported,undefined
2026-05,Lyft,28,Queens,Briarwood/Jamaica Hills,17182,0,0,3,0,17185,0,3,0.0,0.00017457084666860635,,reported,reported,undefined
2026-05,Lyft,29,Brooklyn,Brighton Beach,13530,0,0,0,0,13530,0,0,0.0,0.0,,reported,reported,undefined
2026-05,Lyft,30,Queens,Broad Channel,397,0,0,0,0,397,0,0,0.0,0.0,,reported,reported,undefined
2026-05,Lyft,31,Bronx,Bronx Park,2691,0,0,0,0,2691,0,0,0.0,0.0,,reported,reported,undefined
2026-05,Lyft,32,Bronx,Bronxdale,18302,0,0,0,0,18302,0,0,0.0,0.0,,reported,reported,undefined
2026-05,Lyft,33,Brooklyn,Brooklyn Heights,36706,6,2,12,0,36726,8,14,0.00021782933071938136,0.0003812013287589174,0.25,reported,reported,insufficient sample
2026-05,Lyft,34,Brooklyn,Brooklyn Navy Yard,6624,1,0,6,0,6631,1,6,0.00015080681646810435,0.0009048408988086261,0.0,reported,reported,insufficient sample
2026-05,Lyft,35,Brooklyn,Brownsville,39761,0,0,0,0,39761,0,0,0.0,0.0,,reported,reported,undefined
2026-05,Lyft,36,Brooklyn,Bushwick North,56957,5,0,7,0,56969,5,7,8.776703119240288e-05,0.00012287384366936404,0.0,reported,reported,insufficient sample
2026-05,Lyft,37,Brooklyn,Bushwick South,79406,6,2,11,0,79425,8,13,0.00010072395341517155,0.00016367642429965376,0.25,reported,reported,insufficient sample
2026-05,Lyft,38,Queens,Cambria Heights,9452,0,0,1,0,9453,0,1,0.0,0.00010578652279699566,,reported,reported,undefined
2026-05,Lyft,39,Brooklyn,Canarsie,49665,0,0,4,0,49669,0,4,0.0,8.05331293160724e-05,,reported,reported,undefined
2026-05,Lyft,40,Brooklyn,Carroll Gardens,20595,7,0,5,0,20607,7,5,0.00033969039646721986,0.00024263599747658562,0.0,reported,reported,insufficient sample
2026-05,Lyft,41,Manhattan,Central Harlem,50699,3,0,4,0,50706,3,4,5.9164595905809965e-05,7.888612787441328e-05,0.0,reported,reported,insufficient sample
2026-05,Lyft,42,Manhattan,Central Harlem North,68979,0,0,8,0,68987,0,8,0.0,0.00011596387725223593,,reported,reported,undefined
2026-05,Lyft,43,Manhattan,Central Park,8747,6,0,3,0,8756,6,3,0.0006852444038373687,0.00034262220191868436,0.0,reported,reported,insufficient sample
2026-05,Lyft,44,Staten Island,Charleston/Tottenville,2669,0,0,0,0,2669,0,0,0.0,0.0,,reported,reported,undefined
2026-05,Lyft,45,Manhattan,Chinatown,17176,4,0,1,0,17181,4,1,0.00023281531924800652,5.820382981200163e-05,0.0,reported,reported,insufficient sample
2026-05,Lyft,46,Bronx,City Island,1801,0,0,0,0,1801,0,0,0.0,0.0,,reported,reported,undefined
2026-05,Lyft,47,Bronx,Claremont/Bathgate,24158,0,0,0,0,24158,0,0,0.0,0.0,,reported,reported,undefined
2026-05,Lyft,48,Manhattan,Clinton East,58715,69,1,12,0,58797,70,13,0.0011905369321564025,0.00022109971597190334,0.014285714285714285,reported,reported,insufficient sample
2026-05,Lyft,49,Brooklyn,Clinton Hill,44305,3,0,6,0,44314,3,6,6.769869567179673e-05,0.00013539739134359345,0.0,reported,reported,insufficient sample
2026-05,Lyft,50,Manhattan,Clinton West,31414,29,0,9,0,31452,29,9,0.0009220399338674806,0.00028615032430370085,0.0,reported,reported,insufficient sample
2026-05,Lyft,51,Bronx,Co-Op City,30005,1,0,2,0,30008,1,2,3.332444681418288e-05,6.664889362836577e-05,0.0,reported,reported,insufficient sample
2026-05,Lyft,52,Brooklyn,Cobble Hill,13164,0,0,2,0,13166,0,2,0.0,0.00015190642564180464,,reported,reported,undefined
2026-05,Lyft,53,Queens,College Point,10240,0,0,0,0,10240,0,0,0.0,0.0,,reported,reported,undefined
2026-05,Lyft,54,Brooklyn,Columbia Street,4937,0,0,2,0,4939,0,2,0.0,0.00040494027130998176,,reported,reported,undefined
2026-05,Lyft,55,Brooklyn,Coney Island,19970,3,0,5,0,19978,3,5,0.00015016518169986987,0.00025027530283311644,0.0,reported,reported,insufficient sample
2026-05,Lyft,56,Queens,Corona,20766,0,0,1,0,20767,0,1,0.0,4.815332017142582e-05,,reported,reported,undefined
2026-05,Lyft,57,Queens,Corona,1808,0,0,2,0,1810,0,2,0.0,0.0011049723756906078,,reported,reported,undefined
2026-05,Lyft,58,Bronx,Country Club,2408,0,0,1,0,2409,0,1,0.0,0.00041511000415110004,,reported,reported,undefined
2026-05,Lyft,59,Bronx,Crotona Park,840,0,0,0,0,840,0,0,0.0,0.0,,reported,reported,undefined
2026-05,Lyft,60,Bronx,Crotona Park East,16788,0,0,0,0,16788,0,0,0.0,0.0,,reported,reported,undefined
2026-05,Lyft,61,Brooklyn,Crown Heights North,89719,1,0,6,0,89726,1,6,1.114504157100506e-05,6.687024942603036e-05,0.0,reported,reported,insufficient sample
2026-05,Lyft,62,Brooklyn,Crown Heights South,23864,0,0,4,0,23868,0,4,0.0,0.00016758840288252054,,reported,reported,undefined
2026-05,Lyft,63,Brooklyn,Cypress Hills,21083,1,0,2,0,21086,1,2,4.742483164184767e-05,9.484966328369534e-05,0.0,reported,reported,insufficient sample
2026-05,Lyft,64,Queens,Douglaston,4334,0,0,0,0,4334,0,0,0.0,0.0,,reported,reported,undefined
2026-05,Lyft,65,Brooklyn,Downtown Brooklyn/MetroTech,33682,6,0,11,0,33699,6,11,0.00017804682631532092,0.0003264191815780884,0.0,reported,reported,insufficient sample
2026-05,Lyft,66,Brooklyn,DUMBO/Vinegar Hill,27242,13,0,7,0,27262,13,7,0.00047685422933020324,0.0002567676619470325,0.0,reported,reported,insufficient sample
2026-05,Lyft,67,Brooklyn,Dyker Heights,11868,0,0,0,0,11868,0,0,0.0,0.0,,reported,reported,undefined
2026-05,Lyft,68,Manhattan,East Chelsea,62566,210,7,26,0,62809,217,33,0.0034549188810520785,0.0005254024104825742,0.03225806451612903,reported,reported,reported
2026-05,Lyft,69,Bronx,East Concourse/Concourse Village,35827,0,0,2,0,35829,0,2,0.0,5.582070389907617e-05,,reported,reported,undefined
2026-05,Lyft,70,Queens,East Elmhurst,18872,0,0,0,0,18872,0,0,0.0,0.0,,reported,reported,undefined
2026-05,Lyft,71,Brooklyn,East Flatbush/Farragut,26663,0,0,0,0,26663,0,0,0.0,0.0,,reported,reported,undefined
2026-05,Lyft,72,Brooklyn,East Flatbush/Remsen Village,31179,0,0,1,0,31180,0,1,0.0,3.207184092366902e-05,,reported,reported,undefined
2026-05,Lyft,73,Queens,East Flushing,6341,0,0,0,0,6341,0,0,0.0,0.0,,reported,reported,undefined
2026-05,Lyft,74,Manhattan,East Harlem North,55176,1,0,7,0,55184,1,7,1.812119454914468e-05,0.00012684836184401275,0.0,reported,reported,insufficient sample
2026-05,Lyft,75,Manhattan,East Harlem South,41985,1,0,9,0,41995,1,9,2.3812358614120728e-05,0.00021431122752708657,0.0,reported,reported,insufficient sample
2026-05,Lyft,76,Brooklyn,East New York,82210,0,0,2,0,82212,0,2,0.0,2.4327348805527172e-05,,reported,reported,undefined
2026-05,Lyft,77,Brooklyn,East New York/Pennsylvania Avenue,19609,0,0,1,0,19610,0,1,0.0,5.099439061703213e-05,,reported,reported,undefined
2026-05,Lyft,78,Bronx,East Tremont,32798,0,0,1,0,32799,0,1,0.0,3.048873441263453e-05,,reported,reported,undefined
2026-05,Lyft,79,Manhattan,East Village,71842,47,2,22,0,71913,49,24,0.0006813788883790135,0.0003337365983897209,0.04081632653061224,reported,reported,insufficient sample
2026-05,Lyft,80,Brooklyn,East Williamsburg,56462,19,0,36,0,56517,19,36,0.0003361820337243661,0.0006369764849514305,0.0,reported,reported,insufficient sample
2026-05,Lyft,81,Bronx,Eastchester,21388,0,0,1,0,21389,0,1,0.0,4.675300388049932e-05,,reported,reported,undefined
2026-05,Lyft,82,Queens,Elmhurst,49801,1,0,3,0,49805,1,3,2.0078305391025e-05,6.023491617307499e-05,0.0,reported,reported,insufficient sample
2026-05,Lyft,83,Queens,Elmhurst/Maspeth,16877,1,0,1,0,16879,1,1,5.9245215948812136e-05,5.9245215948812136e-05,0.0,reported,reported,insufficient sample
2026-05,Lyft,84,Staten Island,Eltingville/Annadale/Prince's Bay,2943,0,0,0,0,2943,0,0,0.0,0.0,,reported,reported,undefined
2026-05,Lyft,85,Brooklyn,Erasmus,21319,0,0,0,0,21319,0,0,0.0,0.0,,reported,reported,undefined
2026-05,Lyft,86,Queens,Far Rockaway,15678,0,0,7,0,15685,0,7,0.0,0.0004462862607586866,,reported,reported,undefined
2026-05,Lyft,87,Manhattan,Financial District North,38248,12,1,9,0,38270,13,10,0.000339691664489156,0.0002613012803762738,0.07692307692307693,reported,reported,insufficient sample
2026-05,Lyft,88,Manhattan,Financial District South,17647,0,0,7,0,17654,0,7,0.0,0.0003965107057890563,,reported,reported,undefined
2026-05,Lyft,89,Brooklyn,Flatbush/Ditmas Park,54635,5,0,1,0,54641,5,1,9.150637799454621e-05,1.8301275598909244e-05,0.0,reported,reported,insufficient sample
2026-05,Lyft,90,Manhattan,Flatiron,35922,28,0,8,0,35958,28,8,0.0007786862450636854,0.0002224817843039101,0.0,reported,reported,insufficient sample
2026-05,Lyft,91,Brooklyn,Flatlands,32840,1,0,2,0,32843,1,2,3.044788843893676e-05,6.089577687787352e-05,0.0,reported,reported,insufficient sample
2026-05,Lyft,92,Queens,Flushing,34375,10,0,9,0,34394,10,9,0.00029074838634645577,0.0002616735477118102,0.0,reported,reported,insufficient sample
2026-05,Lyft,93,Queens,Flushing Meadows-Corona Park,6349,0,0,12,0,6361,0,12,0.0,0.0018864958339883666,,reported,reported,undefined
2026-05,Lyft,94,Bronx,Fordham South,14192,0,0,0,0,14192,0,0,0.0,0.0,,reported,reported,undefined
2026-05,Lyft,95,Queens,Forest Hills,51622,1,0,16,0,51639,1,16,1.9365208466469142e-05,0.0003098433354635063,0.0,reported,reported,insufficient sample
2026-05,Lyft,96,Queens,Forest Park/Highland Park,1264,0,0,0,0,1264,0,0,0.0,0.0,,reported,reported,undefined
2026-05,Lyft,97,Brooklyn,Fort Greene,49719,11,0,19,0,49749,11,19,0.0002211099720597399,0.00038191722446682345,0.0,reported,reported,insufficient sample
2026-05,Lyft,98,Queens,Fresh Meadows,6972,0,0,0,0,6972,0,0,0.0,0.0,,reported,reported,undefined
2026-05,Lyft,99,Staten Island,Freshkills Park,239,0,0,0,0,239,0,0,0.0,0.0,,reported,reported,undefined
2026-05,Lyft,100,Manhattan,Garment District,29057,42,2,7,0,29108,44,9,0.0015116119279923045,0.00030919334890751684,0.045454545454545456,reported,reported,insufficient sample
2026-05,Lyft,101,Queens,Glen Oaks,6222,0,0,1,0,6223,0,1,0.0,0.0001606941989394183,,reported,reported,undefined
2026-05,Lyft,102,Queens,Glendale,17719,0,0,1,0,17720,0,1,0.0,5.64334085778781e-05,,reported,reported,undefined
2026-05,Lyft,103,Manhattan,Governor's Island/Ellis Island/Liberty Island,0,0,0,0,0,0,0,0,,,,undefined,undefined,undefined
2026-05,Lyft,104,Manhattan,Governor's Island/Ellis Island/Liberty Island,0,0,0,0,0,0,0,0,,,,undefined,undefined,undefined
2026-05,Lyft,105,Manhattan,Governor's Island/Ellis Island/Liberty Island,3,0,0,0,0,3,0,0,0.0,0.0,,insufficient sample,insufficient sample,undefined
2026-05,Lyft,106,Brooklyn,Gowanus,20399,2,0,1,0,20402,2,1,9.802960494069208e-05,4.901480247034604e-05,0.0,reported,reported,insufficient sample
2026-05,Lyft,107,Manhattan,Gramercy,40672,51,1,11,0,40735,52,12,0.001276543512949552,0.0002945869645268197,0.019230769230769232,reported,reported,insufficient sample
2026-05,Lyft,108,Brooklyn,Gravesend,9841,0,0,1,0,9842,0,1,0.0,0.0001016053647632595,,reported,reported,undefined
2026-05,Lyft,109,Staten Island,Great Kills,4598,0,0,2,0,4600,0,2,0.0,0.0004347826086956522,,reported,reported,undefined
2026-05,Lyft,110,Staten Island,Great Kills Park,16,0,0,0,0,16,0,0,0.0,0.0,,insufficient sample,insufficient sample,undefined
2026-05,Lyft,111,Brooklyn,Green-Wood Cemetery,375,0,0,0,0,375,0,0,0.0,0.0,,reported,reported,undefined
2026-05,Lyft,112,Brooklyn,Greenpoint,76084,47,1,40,0,76172,48,41,0.0006301528120569238,0.0005382555269652891,0.020833333333333332,reported,reported,insufficient sample
2026-05,Lyft,113,Manhattan,Greenwich Village North,31289,24,1,8,0,31322,25,9,0.0007981610369708192,0.00028733797330949493,0.04,reported,reported,insufficient sample
2026-05,Lyft,114,Manhattan,Greenwich Village South,34377,11,0,11,0,34399,11,11,0.00031977673769586324,0.00031977673769586324,0.0,reported,reported,insufficient sample
2026-05,Lyft,115,Staten Island,Grymes Hill/Clifton,6185,0,0,2,0,6187,0,2,0.0,0.0003232584451268789,,reported,reported,undefined
2026-05,Lyft,116,Manhattan,Hamilton Heights,31820,4,1,3,0,31828,5,4,0.00015709438230488877,0.00012567550584391103,0.2,reported,reported,insufficient sample
2026-05,Lyft,117,Queens,Hammels/Arverne,10835,0,0,6,0,10841,0,6,0.0,0.0005534544783691542,,reported,reported,undefined
2026-05,Lyft,118,Staten Island,Heartland Village/Todt Hill,7455,0,0,0,0,7455,0,0,0.0,0.0,,reported,reported,undefined
2026-05,Lyft,119,Bronx,Highbridge,24749,0,0,4,0,24753,0,4,0.0,0.00016159657415262796,,reported,reported,undefined
2026-05,Lyft,120,Manhattan,Highbridge Park,640,0,0,0,0,640,0,0,0.0,0.0,,reported,reported,undefined
2026-05,Lyft,121,Queens,Hillcrest/Pomonok,15960,2,0,0,0,15962,2,0,0.0001252975817566721,0.0,0.0,reported,reported,insufficient sample
2026-05,Lyft,122,Queens,Hollis,9553,0,0,2,0,9555,0,2,0.0,0.00020931449502878074,,reported,reported,undefined
2026-05,Lyft,123,Brooklyn,Homecrest,18608,0,0,1,0,18609,0,1,0.0,5.373743887366328e-05,,reported,reported,undefined
2026-05,Lyft,124,Queens,Howard Beach,10898,0,0,2,0,10900,0,2,0.0,0.0001834862385321101,,reported,reported,undefined
2026-05,Lyft,125,Manhattan,Hudson Sq,19165,3,0,4,0,19172,3,4,0.00015647819737116627,0.00020863759649488838,0.0,reported,reported,insufficient sample
2026-05,Lyft,126,Bronx,Hunts Point,24480,2,0,39,0,24521,2,39,8.156274213939073e-05,0.0015904734717181192,0.0,reported,reported,insufficient sample
2026-05,Lyft,127,Manhattan,Inwood,30452,0,0,1,0,30453,0,1,0.0,3.283748727547368e-05,,reported,reported,undefined
2026-05,Lyft,128,Manhattan,Inwood Hill Park,2237,0,0,1,0,2238,0,1,0.0,0.00044682752457551384,,reported,reported,undefined
2026-05,Lyft,129,Queens,Jackson Heights,55011,1,0,1,0,55013,1,1,1.81775216766946e-05,1.81775216766946e-05,0.0,reported,reported,insufficient sample
2026-05,Lyft,130,Queens,Jamaica,59825,1,0,12,0,59838,1,12,1.67117884956048e-05,0.0002005414619472576,0.0,reported,reported,insufficient sample
2026-05,Lyft,131,Queens,Jamaica Estates,11282,1,0,2,0,11285,1,2,8.861320336730173e-05,0.00017722640673460346,0.0,reported,reported,insufficient sample
2026-05,Lyft,132,Queens,JFK Airport,105071,39,0,2,0,105112,39,2,0.00037103280310525914,1.9027323236167137e-05,0.0,reported,reported,insufficient sample
2026-05,Lyft,133,Brooklyn,Kensington,13578,0,0,0,0,13578,0,0,0.0,0.0,,reported,reported,undefined
2026-05,Lyft,134,Queens,Kew Gardens,16558,0,0,3,0,16561,0,3,0.0,0.00018114848137189784,,reported,reported,undefined
2026-05,Lyft,135,Queens,Kew Gardens Hills,12997,0,0,0,0,12997,0,0,0.0,0.0,,reported,reported,undefined
2026-05,Lyft,136,Bronx,Kingsbridge Heights,16638,0,0,0,0,16638,0,0,0.0,0.0,,reported,reported,undefined
2026-05,Lyft,137,Manhattan,Kips Bay,29352,34,0,13,0,29399,34,13,0.001156501921834076,0.0004421919112894996,0.0,reported,reported,insufficient sample
2026-05,Lyft,138,Queens,LaGuardia Airport,158572,28,1,1,0,158602,29,2,0.00018284763117741264,1.2610181460511217e-05,0.034482758620689655,reported,reported,insufficient sample
2026-05,Lyft,139,Queens,Laurelton,15525,0,0,0,0,15525,0,0,0.0,0.0,,reported,reported,undefined
2026-05,Lyft,140,Manhattan,Lenox Hill East,37654,8,0,2,0,37664,8,2,0.00021240441801189465,5.310110450297366e-05,0.0,reported,reported,insufficient sample
2026-05,Lyft,141,Manhattan,Lenox Hill West,38359,8,0,4,0,38371,8,4,0.0002084907873133356,0.0001042453936566678,0.0,reported,reported,insufficient sample
2026-05,Lyft,142,Manhattan,Lincoln Square East,40165,9,1,6,0,40181,10,7,0.0002488738458475399,0.0001742116920932779,0.1,reported,reported,insufficient sample
2026-05,Lyft,143,Manhattan,Lincoln Square West,31251,34,4,7,0,31296,38,11,0.0012142126789366054,0.0003514826175869121,0.10526315789473684,reported,reported,insufficient sample
2026-05,Lyft,144,Manhattan,Little Italy/NoLiTa,39885,13,0,12,0,39910,13,12,0.0003257328990228013,0.0003006765221748935,0.0,reported,reported,insufficient sample
2026-05,Lyft,145,Queens,Long Island City/Hunters Point,67595,53,1,8,0,67657,54,9,0.0007981435771612694,0.00013302392952687823,0.018518518518518517,reported,reported,insufficient sample
2026-05,Lyft,146,Queens,Long Island City/Queens Plaza,18295,9,0,1,0,18305,9,1,0.0004916689429117728,5.4629882545752524e-05,0.0,reported,reported,insufficient sample
2026-05,Lyft,147,Bronx,Longwood,14845,0,0,1,0,14846,0,1,0.0,6.735821096591675e-05,,reported,reported,undefined
2026-05,Lyft,148,Manhattan,Lower East Side,63417,29,3,20,0,63469,32,23,0.0005041831445272495,0.0003623816351289606,0.09375,reported,reported,insufficient sample
2026-05,Lyft,149,Brooklyn,Madison,15765,0,0,0,0,15765,0,0,0.0,0.0,,reported,reported,undefined
2026-05,Lyft,150,Brooklyn,Manhattan Beach,7008,0,0,0,0,7008,0,0,0.0,0.0,,reported,reported,undefined
2026-05,Lyft,151,Manhattan,Manhattan Valley,17010,2,0,2,0,17014,2,2,0.00011755025273304338,0.00011755025273304338,0.0,reported,reported,insufficient sample
2026-05,Lyft,152,Manhattan,Manhattanville,16213,4,1,2,0,16220,5,3,0.00030826140567200987,0.00018495684340320593,0.2,reported,reported,insufficient sample
2026-05,Lyft,153,Manhattan,Marble Hill,6347,0,0,0,0,6347,0,0,0.0,0.0,,reported,reported,undefined
2026-05,Lyft,154,Brooklyn,Marine Park/Floyd Bennett Field,678,0,0,0,0,678,0,0,0.0,0.0,,reported,reported,undefined
2026-05,Lyft,155,Brooklyn,Marine Park/Mill Basin,17583,0,0,0,0,17583,0,0,0.0,0.0,,reported,reported,undefined
2026-05,Lyft,156,Staten Island,Mariners Harbor,10655,0,0,0,0,10655,0,0,0.0,0.0,,reported,reported,undefined
2026-05,Lyft,157,Queens,Maspeth,28045,3,0,22,0,28070,3,22,0.00010687566797292483,0.0007837548984681154,0.0,reported,reported,insufficient sample
2026-05,Lyft,158,Manhattan,Meatpacking/West Village West,34363,25,1,9,0,34398,26,10,0.0007558578987150416,0.00029071457642886213,0.038461538461538464,reported,reported,insufficient sample
2026-05,Lyft,159,Bronx,Melrose South,33089,0,0,0,0,33089,0,0,0.0,0.0,,reported,reported,undefined
2026-05,Lyft,160,Queens,Middle Village,15793,0,0,0,0,15793,0,0,0.0,0.0,,reported,reported,undefined
2026-05,Lyft,161,Manhattan,Midtown Center,54874,38,1,33,0,54946,39,34,0.0007097877916499837,0.0006187893568230626,0.02564102564102564,reported,reported,insufficient sample
2026-05,Lyft,162,Manhattan,Midtown East,40868,28,1,15,0,40912,29,16,0.0007088384825967931,0.00039108330074305825,0.034482758620689655,reported,reported,insufficient sample
2026-05,Lyft,163,Manhattan,Midtown North,40920,21,1,13,0,40955,22,14,0.0005371749481137834,0.0003418386033451349,0.045454545454545456,reported,reported,insufficient sample
2026-05,Lyft,164,Manhattan,Midtown South,55366,165,10,11,0,55552,175,21,0.0031502016129032256,0.0003780241935483871,0.05714285714285714,reported,reported,reported
2026-05,Lyft,165,Brooklyn,Midwood,19380,0,0,2,0,19382,0,2,0.0,0.00010318852543597152,,reported,reported,undefined
2026-05,Lyft,166,Manhattan,Morningside Heights,30467,4,1,4,0,30476,5,5,0.00016406352539703373,0.00016406352539703373,0.2,reported,reported,insufficient sample
2026-05,Lyft,167,Bronx,Morrisania/Melrose,26839,0,0,2,0,26841,0,2,0.0,7.451287209865504e-05,,reported,reported,undefined
2026-05,Lyft,168,Bronx,Mott Haven/Port Morris,49974,0,0,3,0,49977,0,3,0.0,6.002761270184285e-05,,reported,reported,undefined
2026-05,Lyft,169,Bronx,Mount Hope,31184,1,0,2,0,31187,1,2,3.206464231891493e-05,6.412928463782986e-05,0.0,reported,reported,insufficient sample
2026-05,Lyft,170,Manhattan,Murray Hill,49001,60,0,26,0,49087,60,26,0.001222319555075682,0.0005296718071994622,0.0,reported,reported,insufficient sample
2026-05,Lyft,171,Queens,Murray Hill-Queens,13192,1,0,1,0,13194,1,1,7.579202667879339e-05,7.579202667879339e-05,0.0,reported,reported,insufficient sample
2026-05,Lyft,172,Staten Island,New Dorp/Midland Beach,4550,0,0,1,0,4551,0,1,0.0,0.00021973192704900023,,reported,reported,undefined
2026-05,Lyft,173,Queens,North Corona,16997,0,0,6,0,17003,0,6,0.0,0.00035287890372287246,,reported,reported,undefined
2026-05,Lyft,174,Bronx,Norwood,31894,0,0,0,0,31894,0,0,0.0,0.0,,reported,reported,undefined
2026-05,Lyft,175,Queens,Oakland Gardens,5542,0,0,0,0,5542,0,0,0.0,0.0,,reported,reported,undefined
2026-05,Lyft,176,Staten Island,Oakwood,2281,0,0,0,0,2281,0,0,0.0,0.0,,reported,reported,undefined
2026-05,Lyft,177,Brooklyn,Ocean Hill,29147,0,0,1,0,29148,0,1,0.0,3.430767119527926e-05,,reported,reported,undefined
2026-05,Lyft,178,Brooklyn,Ocean Parkway South,6041,0,0,0,0,6041,0,0,0.0,0.0,,reported,reported,undefined
2026-05,Lyft,179,Queens,Old Astoria,27357,1,0,0,0,27358,1,0,3.655237955990935e-05,0.0,0.0,reported,reported,insufficient sample
2026-05,Lyft,180,Queens,Ozone Park,12501,0,0,2,0,12503,0,2,0.0,0.00015996160921378868,,reported,reported,undefined
2026-05,Lyft,181,Brooklyn,Park Slope,80903,6,0,7,0,80916,6,7,7.415097137772504e-05,8.65094666073459e-05,0.0,reported,reported,insufficient sample
2026-05,Lyft,182,Bronx,Parkchester,18293,0,0,2,0,18295,0,2,0.0,0.00010931948619841486,,reported,reported,undefined
2026-05,Lyft,183,Bronx,Pelham Bay,10343,0,0,0,0,10343,0,0,0.0,0.0,,reported,reported,undefined
2026-05,Lyft,184,Bronx,Pelham Bay Park,2081,0,0,2,0,2083,0,2,0.0,0.0009601536245799327,,reported,reported,undefined
2026-05,Lyft,185,Bronx,Pelham Parkway,22815,0,0,1,0,22816,0,1,0.0,4.38288920056101e-05,,reported,reported,undefined
2026-05,Lyft,186,Manhattan,Penn Station/Madison Sq West,33684,41,2,9,0,33736,43,11,0.001274602798197771,0.0003260611809343135,0.046511627906976744,reported,reported,insufficient sample
2026-05,Lyft,187,Staten Island,Port Richmond,5589,0,0,1,0,5590,0,1,0.0,0.00017889087656529517,,reported,reported,undefined
2026-05,Lyft,188,Brooklyn,Prospect-Lefferts Gardens,48393,2,0,3,0,48398,2,3,4.1324021653787344e-05,6.198603248068103e-05,0.0,reported,reported,insufficient sample
2026-05,Lyft,189,Brooklyn,Prospect Heights,28053,4,0,5,0,28062,4,5,0.00014254151521630675,0.00017817689402038344,0.0,reported,reported,insufficient sample
2026-05,Lyft,190,Brooklyn,Prospect Park,4982,1,0,0,0,4983,1,0,0.0002006823198876179,0.0,0.0,reported,reported,insufficient sample
2026-05,Lyft,191,Queens,Queens Village,22824,0,0,2,0,22826,0,2,0.0,8.761938140716727e-05,,reported,reported,undefined
2026-05,Lyft,192,Queens,Queensboro Hill,9184,0,0,0,0,9184,0,0,0.0,0.0,,reported,reported,undefined
2026-05,Lyft,193,Queens,Queensbridge/Ravenswood,12456,5,0,1,0,12462,5,1,0.0004012197079120526,8.024394158241052e-05,0.0,reported,reported,insufficient sample
2026-05,Lyft,194,Manhattan,Randalls Island,1961,0,0,2,0,1963,0,2,0.0,0.0010188487009679063,,reported,reported,undefined
2026-05,Lyft,195,Brooklyn,Red Hook,16836,2,0,5,0,16843,2,5,0.00011874369174137624,0.0002968592293534406,0.0,reported,reported,insufficient sample
2026-05,Lyft,196,Queens,Rego Park,19057,2,0,1,0,19060,2,1,0.0001049317943336831,5.246589716684155e-05,0.0,reported,reported,insufficient sample
2026-05,Lyft,197,Queens,Richmond Hill,31565,0,0,5,0,31570,0,5,0.0,0.00015837820715869496,,reported,reported,undefined
2026-05,Lyft,198,Queens,Ridgewood,45979,0,0,9,0,45988,0,9,0.0,0.00019570322692876404,,reported,reported,undefined
2026-05,Lyft,199,Bronx,Rikers Island,9,0,0,0,0,9,0,0,0.0,0.0,,insufficient sample,insufficient sample,undefined
2026-05,Lyft,200,Bronx,Riverdale/North Riverdale/Fieldston,15604,0,0,2,0,15606,0,2,0.0,0.00012815583749839805,,reported,reported,undefined
2026-05,Lyft,201,Queens,Rockaway Park,4146,0,0,1,0,4147,0,1,0.0,0.00024113817217265494,,reported,reported,undefined
2026-05,Lyft,202,Manhattan,Roosevelt Island,4117,7,0,1,0,4125,7,1,0.001696969696969697,0.00024242424242424242,0.0,reported,reported,insufficient sample
2026-05,Lyft,203,Queens,Rosedale,14209,0,0,2,0,14211,0,2,0.0,0.00014073604953908944,,reported,reported,undefined
2026-05,Lyft,204,Staten Island,Rossville/Woodrow,1665,0,0,0,0,1665,0,0,0.0,0.0,,reported,reported,undefined
2026-05,Lyft,205,Queens,Saint Albans,32605,0,0,4,0,32609,0,4,0.0,0.0001226655217884633,,reported,reported,undefined
2026-05,Lyft,206,Staten Island,Saint George/New Brighton,16747,0,0,0,0,16747,0,0,0.0,0.0,,reported,reported,undefined
2026-05,Lyft,207,Queens,Saint Michaels Cemetery/Woodside,3081,0,0,0,0,3081,0,0,0.0,0.0,,reported,reported,undefined
2026-05,Lyft,208,Bronx,Schuylerville/Edgewater Park,25931,0,0,0,0,25931,0,0,0.0,0.0,,reported,reported,undefined
2026-05,Lyft,209,Manhattan,Seaport,14060,1,0,4,0,14065,1,4,7.109847138286527e-05,0.00028439388553146107,0.0,reported,reported,insufficient sample
2026-05,Lyft,210,Brooklyn,Sheepshead Bay,21529,3,0,0,0,21532,3,0,0.00013932751253947613,0.0,0.0,reported,reported,insufficient sample
2026-05,Lyft,211,Manhattan,SoHo,30407,13,0,12,0,30432,13,12,0.0004271819137749737,0.0003943217665615142,0.0,reported,reported,insufficient sample
2026-05,Lyft,212,Bronx,Soundview/Bruckner,20678,0,0,4,0,20682,0,4,0.0,0.00019340489314379654,,reported,reported,undefined
2026-05,Lyft,213,Bronx,Soundview/Castle Hill,37542,2,0,9,0,37553,2,9,5.325806193912603e-05,0.00023966127872606716,0.0,reported,reported,insufficient sample
2026-05,Lyft,214,Staten Island,South Beach/Dongan Hills,6241,0,0,0,0,6241,0,0,0.0,0.0,,reported,reported,undefined
2026-05,Lyft,215,Queens,South Jamaica,24601,0,0,1,0,24602,0,1,0.0,4.064710186163727e-05,,reported,reported,undefined
2026-05,Lyft,216,Queens,South Ozone Park,44828,0,0,2,0,44830,0,2,0.0,4.461298237787196e-05,,reported,reported,undefined
2026-05,Lyft,217,Brooklyn,South Williamsburg,10047,0,0,3,0,10050,0,3,0.0,0.00029850746268656717,,reported,reported,undefined
2026-05,Lyft,218,Queens,Springfield Gardens North,17052,0,0,0,0,17052,0,0,0.0,0.0,,reported,reported,undefined
2026-05,Lyft,219,Queens,Springfield Gardens South,13969,0,0,0,0,13969,0,0,0.0,0.0,,reported,reported,undefined
2026-05,Lyft,220,Bronx,Spuyten Duyvil/Kingsbridge,28420,0,0,3,0,28423,0,3,0.0,0.00010554832354079443,,reported,reported,undefined
2026-05,Lyft,221,Staten Island,Stapleton,10565,0,0,1,0,10566,0,1,0.0,9.46431951542684e-05,,reported,reported,undefined
2026-05,Lyft,222,Brooklyn,Starrett City,8563,0,0,0,0,8563,0,0,0.0,0.0,,reported,reported,undefined
2026-05,Lyft,223,Queens,Steinway,39023,1,0,1,0,39025,1,1,2.5624599615631006e-05,2.5624599615631006e-05,0.0,reported,reported,insufficient sample
2026-05,Lyft,224,Manhattan,Stuy Town/Peter Cooper Village,11851,3,0,8,0,11862,3,8,0.00025290844714213456,0.0006744225257123588,0.0,reported,reported,insufficient sample
2026-05,Lyft,225,Brooklyn,Stuyvesant Heights,56444,1,0,10,0,56455,1,10,1.7713222920910458e-05,0.0001771322292091046,0.0,reported,reported,insufficient sample
2026-05,Lyft,226,Queens,Sunnyside,49781,1,0,2,0,49784,1,2,2.0086774867427286e-05,4.017354973485457e-05,0.0,reported,reported,insufficient sample
2026-05,Lyft,227,Brooklyn,Sunset Park East,16208,0,0,0,0,16208,0,0,0.0,0.0,,reported,reported,undefined
2026-05,Lyft,228,Brooklyn,Sunset Park West,40986,2,0,5,0,40993,2,5,4.8788817603005394e-05,0.00012197204400751348,0.0,reported,reported,insufficient sample
2026-05,Lyft,229,Manhattan,Sutton Place/Turtle Bay North,34042,21,0,3,0,34066,21,3,0.000616450419773381,8.806434568191158e-05,0.0,reported,reported,insufficient sample
2026-05,Lyft,230,Manhattan,Times Sq/Theatre District,60737,59,6,30,0,60832,65,36,0.0010685165702261968,0.0005917937927406628,0.09230769230769231,reported,reported,insufficient sample
2026-05,Lyft,231,Manhattan,TriBeCa/Civic Center,63229,20,0,17,0,63266,20,17,0.0003161255650744476,0.00026870673031328046,0.0,reported,reported,insufficient sample
2026-05,Lyft,232,Manhattan,Two Bridges/Seward Park,27415,13,1,17,0,27446,14,18,0.0005100925453618014,0.0006558332726080303,0.07142857142857142,reported,reported,insufficient sample
2026-05,Lyft,233,Manhattan,UN/Turtle Bay South,30116,32,2,7,0,30157,34,9,0.0011274331001094274,0.00029843817355837784,0.058823529411764705,reported,reported,insufficient sample
2026-05,Lyft,234,Manhattan,Union Sq,54431,60,4,17,0,54512,64,21,0.001174053419430584,0.0003852362782506604,0.0625,reported,reported,insufficient sample
2026-05,Lyft,235,Bronx,University Heights/Morris Heights,29278,0,0,1,0,29279,0,1,0.0,3.415417193210151e-05,,reported,reported,undefined
2026-05,Lyft,236,Manhattan,Upper East Side North,40287,7,2,2,0,40298,9,4,0.0002233361457144275,9.926050920641223e-05,0.2222222222222222,reported,reported,insufficient sample
2026-05,Lyft,237,Manhattan,Upper East Side South,45226,14,0,7,0,45247,14,7,0.0003094127787477623,0.00015470638937388115,0.0,reported,reported,insufficient sample
2026-05,Lyft,238,Manhattan,Upper West Side North,30494,3,0,4,0,30501,3,4,9.83574309039048e-05,0.00013114324120520638,0.0,reported,reported,insufficient sample
2026-05,Lyft,239,Manhattan,Upper West Side South,38303,3,0,5,0,38311,3,5,7.830649160815431e-05,0.00013051081934692385,0.0,reported,reported,insufficient sample
2026-05,Lyft,240,Bronx,Van Cortlandt Park,5539,0,0,1,0,5540,0,1,0.0,0.00018050541516245486,,reported,reported,undefined
2026-05,Lyft,241,Bronx,Van Cortlandt Village,25348,0,0,2,0,25350,0,2,0.0,7.889546351084812e-05,,reported,reported,undefined
2026-05,Lyft,242,Bronx,Van Nest/Morris Park,28761,0,0,2,0,28763,0,2,0.0,6.95337760317074e-05,,reported,reported,undefined
2026-05,Lyft,243,Manhattan,Washington Heights North,38211,0,0,3,0,38214,0,3,0.0,7.85052598524101e-05,,reported,reported,undefined
2026-05,Lyft,244,Manhattan,Washington Heights South,56377,1,0,8,0,56386,1,8,1.773489873372823e-05,0.00014187918986982584,0.0,reported,reported,insufficient sample
2026-05,Lyft,245,Staten Island,West Brighton,5809,0,0,0,0,5809,0,0,0.0,0.0,,reported,reported,undefined
2026-05,Lyft,246,Manhattan,West Chelsea/Hudson Yards,62145,98,0,28,0,62271,98,28,0.0015737662796486327,0.00044964750847103786,0.0,reported,reported,insufficient sample
2026-05,Lyft,247,Bronx,West Concourse,39447,1,0,12,0,39460,1,12,2.5342118601115053e-05,0.0003041054232133806,0.0,reported,reported,insufficient sample
2026-05,Lyft,248,Bronx,West Farms/Bronx River,17974,0,0,3,0,17977,0,3,0.0,0.0001668799020971241,,reported,reported,undefined
2026-05,Lyft,249,Manhattan,West Village,51763,32,0,19,0,51814,32,19,0.0006175937005442545,0.0003666962596981511,0.0,reported,reported,insufficient sample
2026-05,Lyft,250,Bronx,Westchester Village/Unionport,17938,0,0,1,0,17939,0,1,0.0,5.574446736161436e-05,,reported,reported,undefined
2026-05,Lyft,251,Staten Island,Westerleigh,5832,0,0,1,0,5833,0,1,0.0,0.00017143836790673754,,reported,reported,undefined
2026-05,Lyft,252,Queens,Whitestone,8866,0,0,0,0,8866,0,0,0.0,0.0,,reported,reported,undefined
2026-05,Lyft,253,Queens,Willets Point,299,0,0,0,0,299,0,0,0.0,0.0,,reported,reported,undefined
2026-05,Lyft,254,Bronx,Williamsbridge/Olinville,37261,0,0,1,0,37262,0,1,0.0,2.683699210992432e-05,,reported,reported,undefined
2026-05,Lyft,255,Brooklyn,Williamsburg (North Side),74212,72,2,20,0,74306,74,22,0.000995881893790542,0.00029607299545124214,0.02702702702702703,reported,reported,insufficient sample
2026-05,Lyft,256,Brooklyn,Williamsburg (South Side),62197,26,0,21,0,62244,26,21,0.0004177109440267335,0.00033738191632928474,0.0,reported,reported,insufficient sample
2026-05,Lyft,257,Brooklyn,Windsor Terrace,14091,0,0,1,0,14092,0,1,0.0,7.09622480840193e-05,,reported,reported,undefined
2026-05,Lyft,258,Queens,Woodhaven,21951,0,0,0,0,21951,0,0,0.0,0.0,,reported,reported,undefined
2026-05,Lyft,259,Bronx,Woodlawn/Wakefield,25651,0,0,2,0,25653,0,2,0.0,7.79635910030016e-05,,reported,reported,undefined
2026-05,Lyft,260,Queens,Woodside,32806,4,0,1,0,32811,4,1,0.00012191033494864527,3.0477583737161317e-05,0.0,reported,reported,insufficient sample
2026-05,Lyft,261,Manhattan,World Trade Center,19188,4,2,6,0,19200,6,8,0.0003125,0.0004166666666666667,0.3333333333333333,reported,reported,insufficient sample
2026-05,Lyft,262,Manhattan,Yorkville East,23026,2,0,3,0,23031,2,3,8.68394772263471e-05,0.00013025921583952066,0.0,reported,reported,insufficient sample
2026-05,Lyft,263,Manhattan,Yorkville West,33080,9,0,4,0,33093,9,4,0.0002719608376393799,0.00012087148339527997,0.0,reported,reported,insufficient sample
2026-05,Lyft,264,Unknown,N/A,0,0,0,0,0,0,0,0,,,,undefined,undefined,undefined
2026-05,Lyft,265,N/A,Outside of NYC,368,0,0,0,0,368,0,0,0.0,0.0,,reported,reported,undefined
